image_path,category,size_group,position_group,ratio_group,bbox,informativeness,informativeness_group,"group (size, position, ratio)"
13cfe71ebbf0ae3b.jpg,Table,high,high,high,"[[0, 528, 259, 222], [689, 580, 332, 185]]",4.0,middle,high_high_high
29def08271143710.jpg,Table,high,high,high,"[[579, 488, 444, 279]]",4.0,middle,high_high_high
125928.jpg,Home interior,high,high,high,"[[241, 0, 226, 98], [241, 0, 226, 98]]",3.0,middle,high_high_high
02eb8d9a3e34b370.jpg,Person,high,high,high,"[[0, 1, 419, 268]]",5.0,high,high_high_high
1f1c6b669606f32b.jpg,Clothing,high,high,high,"[[0, 468, 301, 209], [0, 468, 301, 209], [0, 468, 301, 209], [0, 468, 301, 209]]",3.0,middle,high_high_high
19aa0e0ad2fa06b6.jpg,Book,high,high,high,"[[0, 0, 1016, 152], [716, 152, 305, 190]]",1.0,low,high_high_high
410033.jpg,Home interior,high,high,high,"[[0, 0, 251, 221], [0, 0, 251, 221]]",4.5,high,high_high_high
319305414bb65188.jpg,Person,high,high,high,"[[567, 529, 456, 238], [567, 529, 456, 238]]",5.5,high,high_high_high
248b5f914b325928.jpg,Person,high,high,high,"[[502, 489, 521, 278], [513, 489, 510, 276], [513, 489, 510, 276]]",2.0,low,high_high_high
1713ee115f571a3d.jpg,Toy,high,high,high,"[[2, 0, 316, 277]]",3.0,middle,high_high_high
1ca2486498488b59.jpg,Person,high,high,low,"[[557, 269, 127, 754], [565, 278, 119, 745], [557, 269, 127, 754], [565, 278, 119, 745], [557, 269, 127, 754]]",2.6,middle,high_high_low
40a05ea0282d5897.jpg,Person,high,high,low,"[[821, 52, 202, 522], [821, 52, 202, 522], [821, 52, 202, 522]]",5.0,high,high_high_low
2908288f0c371f1f.jpg,Clothing,high,high,low,"[[551, 102, 131, 471], [551, 102, 131, 471]]",5.0,high,high_high_low
02c704b941566bc9.jpg,Clothing,high,high,low,"[[0, 164, 252, 480], [0, 164, 252, 480]]",5.5,high,high_high_low
0c3faec726e97005.jpg,Clothing,high,high,low,"[[0, 84, 176, 504], [0, 84, 176, 504]]",3.5,middle,high_high_low
2e0982a26b23f67a.jpg,Person,high,high,low,"[[812, 156, 209, 523]]",6.0,high,high_high_low
1ea0b813513a3a40.jpg,Person,high,high,low,"[[641, 406, 126, 617]]",6.0,high,high_high_low
0c3faec726e97005.jpg,Person,high,high,low,"[[0, 0, 176, 679], [0, 0, 176, 679], [0, 0, 176, 679]]",5.0,high,high_high_low
5bcc87c13b42e844.jpg,Clothing,high,high,low,"[[0, 164, 145, 748]]",5.0,high,high_high_low
2e0982a26b23f67a.jpg,Clothing,high,high,low,"[[814, 254, 209, 427]]",4.0,middle,high_high_low
1f1c6b669606f32b.jpg,Clothing,high,high,middle,"[[838, 73, 183, 274], [838, 73, 183, 274], [838, 73, 183, 274], [838, 73, 183, 274]]",3.0,middle,high_high_middle
4335c08518179b66.jpg,Person,high,high,middle,"[[0, 481, 209, 284], [729, 444, 292, 321], [0, 481, 209, 284], [729, 444, 292, 321], [0, 481, 209, 284], [729, 444, 292, 321]]",3.0,middle,high_high_middle
28c9331905cb8c5b.jpg,Toy,high,high,middle,"[[87, 15, 191, 230]]",4.0,middle,high_high_middle
01dc49e587b180a4.jpg,Clothing,high,high,middle,"[[750, 395, 270, 372]]",2.0,low,high_high_middle
078fd57f81047cf3.jpg,Clothing,high,high,middle,"[[0, 191, 211, 371], [798, 203, 212, 270]]",6.0,high,high_high_middle
2cef13c890006439.jpg,Person,high,high,middle,"[[0, 0, 320, 288]]",4.0,middle,high_high_middle
217704.jpg,Printed Material,high,high,middle,"[[237, 415, 171, 164]]",4.0,middle,high_high_middle
0931a086102a933f.jpg,Clothing,high,high,middle,"[[721, 293, 302, 371], [721, 293, 302, 371]]",5.0,high,high_high_middle
572495.jpg,Screen,high,high,middle,"[[457, 18, 168, 233], [457, 18, 168, 233], [457, 18, 168, 233], [457, 18, 168, 233]]",3.0,middle,high_high_middle
29def08271143710.jpg,Finger,high,high,middle,"[[0, 505, 211, 262]]",4.0,middle,high_high_middle
01f26ca52e27a8d9.jpg,Clothing,high,low,high,"[[0, 208, 1024, 559]]",2.0,low,high_low_high
590f63eb87ae3901.jpg,Place Identifier,high,low,high,"[[0, 0, 1024, 576], [0, 0, 1024, 576]]",3.5,middle,high_low_high
124926.jpg,Pet,high,low,high,"[[212, 197, 413, 123]]",2.0,low,high_low_high
5f000354e0e21c03.jpg,Person,high,low,high,"[[0, 84, 998, 874]]",5.0,high,high_low_high
14dab1085d21f94a.jpg,Screen,high,low,high,"[[0, 1, 1024, 766], [0, 1, 1024, 766]]",5.0,high,high_low_high
1968c9cbabd1ebbd.jpg,Clothing,high,low,high,"[[268, 132, 753, 601]]",5.0,high,high_low_high
00a36f96e31731c4.jpg,Screen,high,low,high,"[[340, 166, 385, 311], [340, 166, 385, 311]]",5.5,high,high_low_high
2995bebb788ad1ba.jpg,Place Identifier,high,low,high,"[[0, 0, 1024, 768], [0, 0, 1024, 768], [0, 0, 1024, 768]]",4.0,middle,high_low_high
0182bd2e43596b71.jpg,Person,high,low,high,"[[0, 0, 1024, 768], [0, 0, 1024, 768]]",3.0,middle,high_low_high
43559ae2545c628f.jpg,Machine,high,low,high,"[[27, 0, 943, 846]]",1.0,low,high_low_high
36a26f43ca6afd6e.jpg,Person,high,low,low,"[[123, 0, 559, 1024]]",4.0,middle,high_low_low
4335c08518179b66.jpg,Person,high,low,low,"[[321, 232, 163, 390], [321, 232, 163, 390], [321, 232, 163, 390]]",3.0,middle,high_low_low
113282.jpg,Person,high,low,low,"[[310, 247, 104, 337], [310, 247, 104, 337]]",3.0,middle,high_low_low
fa6800d1eb440c5c.jpg,Cosmetics,high,low,low,"[[503, 207, 309, 564], [503, 207, 309, 564]]",2.5,middle,high_low_low
126110.jpg,Pet,high,low,low,"[[104, 53, 57, 129], [104, 53, 57, 129]]",2.5,middle,high_low_low
119379.jpg,Person,high,low,low,"[[166, 127, 123, 352], [166, 127, 123, 352]]",4.5,high,high_low_low
86a6366f57093823.jpg,Person,high,low,low,"[[368, 194, 166, 381], [357, 56, 230, 505], [368, 194, 166, 381], [357, 56, 230, 505], [368, 194, 166, 381], [357, 56, 230, 505]]",4.67,high,high_low_low
3e40cab2517ace8d.jpg,Person,high,low,low,"[[254, 86, 409, 780], [297, 120, 380, 790], [339, 121, 337, 902], [339, 121, 337, 902], [339, 121, 337, 902]]",4.8,high,high_low_low
152686.jpg,Person,high,low,low,"[[229, 19, 175, 372], [229, 19, 175, 372]]",2.5,middle,high_low_low
0182bd2e43596b71.jpg,Person,high,low,low,"[[336, 238, 275, 529], [336, 238, 275, 529], [336, 238, 275, 529]]",3.33,middle,high_low_low
204ddb40982865e6.jpg,Person,high,low,middle,"[[325, 475, 319, 384], [286, 399, 423, 465], [325, 475, 319, 384], [286, 399, 423, 465], [325, 475, 319, 384], [286, 399, 423, 465]]",5.67,high,high_low_middle
106c8de22ed8d1d4.jpg,Person,high,low,middle,"[[142, 131, 462, 721]]",4.0,middle,high_low_middle
2afcec1f707608d2.jpg,Clothing,high,low,middle,"[[221, 200, 227, 282]]",4.0,middle,high_low_middle
3e40cab2517ace8d.jpg,Musical instrument,high,low,middle,"[[0, 308, 768, 715]]",4.0,middle,high_low_middle
0fa1f463189c8e42.jpg,Person,high,low,middle,"[[275, 88, 507, 485], [270, 94, 505, 480], [275, 88, 507, 485], [270, 94, 505, 480], [275, 88, 507, 485], [275, 88, 507, 485], [270, 94, 505, 480]]",5.14,high,high_low_middle
328d85c3e2627405.jpg,Person,high,low,middle,"[[167, 61, 724, 775]]",1.0,low,high_low_middle
2193ead2acb9cdc7.jpg,Person,high,low,middle,"[[282, 147, 327, 446], [268, 143, 335, 442], [268, 143, 335, 442], [282, 147, 327, 446]]",5.0,high,high_low_middle
0f731adcd7458c2b.jpg,Pet,high,low,middle,"[[358, 201, 440, 566]]",4.0,middle,high_low_middle
6b6ace97909699d5.jpg,Machine,high,low,middle,"[[0, 0, 766, 1024], [0, 0, 766, 1024]]",1.5,low,high_low_middle
324909.jpg,Person,high,low,middle,"[[158, 160, 118, 191], [158, 160, 118, 191], [158, 160, 118, 191], [158, 160, 118, 191]]",3.75,middle,high_low_middle
101479.jpg,Screen,high,middle,high,"[[226, 215, 210, 149]]",6.0,high,high_middle_high
02c7385eedfe4f59.jpg,Person,high,middle,high,"[[0, 0, 1022, 178]]",5.0,high,high_middle_high
20af1d21449acdce.jpg,Person,high,middle,high,"[[161, 334, 316, 281], [161, 334, 316, 281], [268, 358, 588, 409], [161, 334, 316, 281], [161, 334, 316, 281]]",4.6,high,high_middle_high
19aa0e0ad2fa06b6.jpg,Book,high,middle,high,"[[1, 164, 398, 144], [438, 532, 291, 233]]",1.0,low,high_middle_high
12418.jpg,Place Identifier,high,middle,high,"[[170, 22, 265, 170], [170, 22, 265, 170]]",4.5,high,high_middle_high
207206c41c624c21.jpg,Person,high,middle,high,"[[0, 484, 691, 477], [1, 474, 689, 487], [0, 484, 691, 477]]",4.33,high,high_middle_high
0ee147db8a6b3908.jpg,Person,high,middle,high,"[[0, 166, 683, 259], [0, 166, 683, 259]]",3.5,middle,high_middle_high
132573.jpg,Screen,high,middle,high,"[[87, 0, 195, 148], [87, 0, 195, 148], [87, 0, 195, 148]]",4.0,middle,high_middle_high
127987.jpg,Screen,high,middle,high,"[[23, 0, 324, 240], [302, 36, 236, 207], [23, 0, 324, 240], [302, 36, 236, 207]]",4.5,high,high_middle_high
0f0c237588553730.jpg,Table,high,middle,high,"[[0, 101, 682, 360]]",1.0,low,high_middle_high
27ba6189609ff436.jpg,Musical instrument,high,middle,low,"[[289, 8, 214, 517], [289, 8, 214, 517]]",2.5,middle,high_middle_low
a09ff3a4b88d6f97.jpg,Clothing,high,middle,low,"[[497, 385, 193, 382]]",4.0,middle,high_middle_low
3e4ad48b1e86a288.jpg,Person,high,middle,low,"[[92, 95, 193, 509], [96, 92, 187, 515], [92, 95, 193, 509], [96, 92, 187, 515], [92, 95, 193, 509], [96, 92, 187, 515], [92, 95, 193, 509], [96, 92, 187, 515]]",4.88,high,high_middle_low
34b65dafe328d39e.jpg,Clothing,high,middle,low,"[[112, 201, 192, 430]]",2.0,low,high_middle_low
152056.jpg,Scenery,high,middle,low,"[[125, 2, 97, 468]]",4.0,middle,high_middle_low
11b06ea19b8a48d9.jpg,Person,high,middle,low,"[[172, 45, 160, 326], [170, 40, 164, 332], [172, 45, 160, 326], [172, 45, 160, 326]]",5.0,high,high_middle_low
5b5f5c5c05f700b3.jpg,Person,high,middle,low,"[[417, 76, 186, 496], [417, 76, 186, 496], [417, 76, 186, 496]]",3.33,middle,high_middle_low
146358.jpg,Clothing,high,middle,low,"[[251, 233, 136, 376]]",0.0,low,high_middle_low
25ce96bd10afe1b0.jpg,Person,high,middle,low,"[[728, 220, 294, 545], [728, 220, 294, 545]]",5.0,high,high_middle_low
5ba4992a5dec8a7a.jpg,Clothing,high,middle,low,"[[735, 212, 286, 809], [735, 212, 286, 809]]",3.0,middle,high_middle_low
118544.jpg,Screen,high,middle,middle,"[[169, 14, 102, 93], [169, 14, 102, 93], [169, 14, 102, 93]]",4.33,high,high_middle_middle
45a98c6eb828a0c9.jpg,Person,high,middle,middle,"[[481, 316, 326, 412], [481, 316, 326, 412]]",6.0,high,high_middle_middle
12afe1d19dabcba1.jpg,Person,high,middle,middle,"[[0, 159, 301, 519], [0, 159, 301, 519]]",5.5,high,high_middle_middle
118974.jpg,Clothing,high,middle,middle,"[[4, 182, 138, 155]]",3.0,middle,high_middle_middle
319d1550c5c5c7e2.jpg,Person,high,middle,middle,"[[0, 278, 489, 745]]",0.0,low,high_middle_middle
200907829e4fbe95.jpg,Person,high,middle,middle,"[[0, 27, 572, 652], [0, 27, 567, 652], [0, 27, 572, 652], [0, 27, 572, 652], [0, 27, 567, 652], [0, 27, 572, 652]]",3.17,middle,high_middle_middle
010d9a7f0d2e0622.jpg,Person,high,middle,middle,"[[531, 148, 327, 531], [527, 146, 330, 536]]",6.0,high,high_middle_middle
5ba4992a5dec8a7a.jpg,Finger,high,middle,middle,"[[120, 463, 491, 560]]",4.0,middle,high_middle_middle
20af1d21449acdce.jpg,Person,high,middle,middle,"[[97, 273, 323, 320], [99, 271, 388, 350]]",6.0,high,high_middle_middle
19aa0e0ad2fa06b6.jpg,Clothing,high,middle,middle,"[[44, 260, 491, 505]]",1.0,low,high_middle_middle
0170ea8e1a33375a.jpg,Vehicle Plate,low,high,high,"[[0, 89, 22, 16], [924, 120, 43, 27], [0, 89, 22, 16], [924, 120, 43, 27], [0, 89, 22, 16], [924, 120, 43, 27]]",4.33,high,low_high_high
057569768fd6303e.jpg,Vehicle Plate,low,high,high,"[[27, 241, 36, 22], [27, 241, 36, 22], [27, 241, 36, 22]]",3.67,middle,low_high_high
171806.jpg,Vehicle Plate,low,high,high,"[[594, 233, 11, 8], [594, 233, 11, 8], [594, 233, 11, 8]]",3.0,middle,low_high_high
123131.jpg,Vehicle Plate,low,high,high,"[[129, 332, 18, 15], [129, 332, 18, 15], [129, 332, 18, 15]]",3.33,middle,low_high_high
134886.jpg,Person,low,high,high,"[[541, 393, 11, 8]]",4.0,middle,low_high_high
112811.jpg,Book,low,high,high,"[[375, 168, 23, 4], [375, 168, 23, 4]]",5.0,high,low_high_high
14038.jpg,Book,low,high,high,"[[504, 329, 29, 11], [508, 313, 29, 15], [503, 325, 28, 11], [503, 331, 30, 13], [523, 103, 29, 5], [503, 322, 30, 11], [507, 309, 32, 15], [523, 107, 27, 3]]",5.0,high,low_high_high
255375.jpg,Accessory,low,high,high,"[[127, 395, 27, 16], [127, 395, 27, 16]]",3.5,middle,low_high_high
151483.jpg,Vehicle Plate,low,high,high,"[[394, 380, 45, 13], [38, 295, 5, 2], [394, 380, 45, 13], [38, 295, 5, 2]]",3.5,middle,low_high_high
125572.jpg,Vehicle Plate,low,high,high,"[[108, 349, 6, 1], [550, 348, 6, 2], [108, 349, 6, 1], [550, 348, 6, 2]]",2.0,low,low_high_high
167598.jpg,Person,low,high,low,"[[370, 493, 10, 28], [400, 490, 7, 18], [83, 496, 16, 55], [324, 490, 10, 26], [320, 504, 5, 14], [58, 487, 4, 16], [45, 484, 4, 15], [83, 485, 4, 14], [352, 491, 5, 18], [90, 485, 5, 12], [0, 488, 9, 31], [346, 490, 6, 19], [23, 483, 7, 20], [13, 484, 5, 15], [391, 490, 3, 12], [32, 485, 8, 18], [56, 486, 3, 11], [410, 486, 14, 53], [361, 491, 10, 30]]",2.0,low,low_high_low
10831.jpg,Electronic Devices,low,high,low,"[[9, 69, 6, 36], [9, 69, 6, 36]]",5.0,high,low_high_low
10566.jpg,Place Identifier,low,high,low,"[[188, 389, 12, 25], [379, 387, 15, 39], [379, 387, 15, 39]]",3.0,middle,low_high_low
200952.jpg,Printed Material,low,high,low,"[[23, 315, 8, 15]]",1.0,low,low_high_low
032518c7e3660911.jpg,Person,low,high,low,"[[211, 116, 36, 67], [211, 116, 36, 67]]",4.5,high,low_high_low
166166.jpg,Book,low,high,low,"[[312, 22, 5, 24], [317, 23, 11, 25], [284, 24, 5, 23], [280, 25, 5, 23], [270, 26, 5, 24], [292, 24, 2, 24], [301, 23, 6, 24], [266, 28, 5, 22], [293, 24, 3, 24], [297, 22, 7, 24], [278, 26, 4, 23], [312, 22, 5, 24], [317, 23, 11, 25], [284, 24, 5, 23], [280, 25, 5, 23], [270, 26, 5, 24], [292, 24, 2, 24], [301, 23, 6, 24], [266, 28, 5, 22], [293, 24, 3, 24], [297, 22, 7, 24], [278, 26, 4, 23]]",5.0,high,low_high_low
1b5a2df8bba6d498.jpg,Person,low,high,low,"[[460, 575, 24, 63]]",4.0,middle,low_high_low
16aaa6421eaf9905.jpg,Person,low,high,low,"[[5, 12, 24, 51], [5, 12, 24, 51]]",4.5,high,low_high_low
148551.jpg,Musical instrument,low,high,low,"[[39, 219, 16, 35]]",3.0,middle,low_high_low
052ad2ea2d01ae65.jpg,Vehicle Plate,low,high,low,"[[891, 295, 10, 66], [891, 295, 10, 66]]",4.5,high,low_high_low
196510.jpg,Printed Material,low,high,middle,"[[617, 0, 20, 35]]",5.0,high,low_high_middle
140640.jpg,Accessory,low,high,middle,"[[264, 405, 7, 9], [552, 331, 5, 7], [264, 405, 7, 9], [552, 331, 5, 7], [264, 405, 7, 9], [552, 331, 5, 7]]",2.67,middle,low_high_middle
14439.jpg,Person,low,high,middle,"[[169, 47, 9, 13], [169, 47, 9, 13]]",5.0,high,low_high_middle
324909.jpg,Person,low,high,middle,"[[586, 342, 19, 30], [559, 342, 25, 29], [586, 342, 19, 30], [559, 342, 25, 29], [586, 342, 19, 30], [559, 342, 25, 29], [586, 342, 19, 30], [559, 342, 25, 29]]",3.75,middle,low_high_middle
5b5f5c5c05f700b3.jpg,Person,low,high,middle,"[[0, 40, 25, 36], [0, 48, 24, 28], [0, 40, 25, 36], [0, 48, 24, 28], [0, 48, 24, 28]]",3.4,middle,low_high_middle
145820.jpg,Printed Material,low,high,middle,"[[569, 217, 16, 20], [569, 217, 16, 20]]",1.5,low,low_high_middle
248b5f914b325928.jpg,Person,low,high,middle,"[[518, 657, 44, 62]]",1.0,low,low_high_middle
1bd688207325716e.jpg,Clothing,low,high,middle,"[[804, 113, 36, 35]]",4.0,middle,low_high_middle
157636.jpg,Printed Material,low,high,middle,"[[42, 300, 32, 30]]",4.0,middle,low_high_middle
01f26ca52e27a8d9.jpg,Person,low,high,middle,"[[123, 205, 43, 45], [130, 173, 34, 36], [891, 228, 50, 52], [123, 205, 43, 45], [130, 173, 34, 36], [891, 228, 50, 52]]",4.0,middle,low_high_middle
23282811e70b4df7.jpg,Person,low,low,high,"[[337, 366, 57, 25], [337, 366, 57, 25]]",4.0,middle,low_low_high
17627.jpg,Vehicle Plate,low,low,high,"[[288, 267, 23, 6], [427, 267, 16, 4], [191, 262, 21, 7], [288, 267, 23, 6], [427, 267, 16, 4], [191, 262, 21, 7], [288, 267, 23, 6], [427, 267, 16, 4], [191, 262, 21, 7]]",4.33,high,low_low_high
1fb9783df691b0ad.jpg,Person,low,low,high,"[[298, 358, 70, 34], [247, 496, 63, 21], [298, 358, 70, 34], [247, 496, 63, 21]]",1.75,low,low_low_high
155253.jpg,Printed Material,low,low,high,"[[185, 233, 41, 11], [185, 233, 41, 11]]",5.0,high,low_low_high
104381.jpg,Vehicle Plate,low,low,high,"[[138, 311, 3, 1], [173, 316, 3, 2], [138, 311, 3, 1], [173, 316, 3, 2], [138, 311, 3, 1], [173, 316, 3, 2], [138, 311, 3, 1], [173, 316, 3, 2]]",2.25,middle,low_low_high
01ada3c0d980be5e.jpg,Person,low,low,high,"[[369, 279, 48, 43]]",4.0,middle,low_low_high
175121.jpg,Vehicle Plate,low,low,high,"[[389, 325, 7, 4]]",4.0,middle,low_low_high
207206c41c624c21.jpg,Person,low,low,high,"[[244, 522, 15, 13], [291, 568, 30, 21], [302, 531, 19, 9], [399, 530, 18, 12]]",5.0,high,low_low_high
24b14dbf64eeced1.jpg,Person,low,low,high,"[[495, 379, 25, 21], [551, 362, 30, 15], [495, 379, 25, 21], [551, 362, 30, 15]]",4.5,high,low_low_high
171413.jpg,Book,low,low,high,"[[195, 330, 29, 22]]",6.0,high,low_low_high
113282.jpg,Person,low,low,low,"[[263, 281, 21, 49], [253, 282, 18, 47], [281, 286, 10, 23], [263, 281, 21, 49], [253, 282, 18, 47], [281, 286, 10, 23]]",3.0,middle,low_low_low
498997.jpg,Book,low,low,low,"[[284, 182, 5, 57], [306, 182, 7, 63], [301, 182, 7, 63], [314, 189, 5, 56], [298, 194, 3, 50], [329, 182, 7, 52], [337, 109, 4, 46], [339, 258, 5, 17], [324, 182, 7, 63], [284, 182, 5, 57], [306, 182, 7, 63], [301, 182, 7, 63], [314, 189, 5, 56], [298, 194, 3, 50], [329, 182, 7, 52], [337, 109, 4, 46], [339, 258, 5, 17], [324, 182, 7, 63]]",3.5,middle,low_low_low
248b5f914b325928.jpg,Person,low,low,low,"[[435, 337, 14, 48]]",1.0,low,low_low_low
313240.jpg,Book,low,low,low,"[[201, 167, 10, 89], [221, 165, 11, 92], [250, 170, 8, 87], [213, 167, 11, 89], [208, 158, 8, 98], [258, 170, 10, 87], [201, 167, 10, 89], [221, 165, 11, 92], [250, 170, 8, 87], [213, 167, 11, 89], [208, 158, 8, 98], [258, 170, 10, 87]]",5.0,high,low_low_low
1375.jpg,Accessory,low,low,low,"[[310, 220, 15, 59], [278, 264, 3, 6]]",3.5,middle,low_low_low
187886.jpg,Toy,low,low,low,"[[246, 122, 11, 21], [264, 120, 10, 19], [281, 113, 10, 19], [203, 131, 11, 20], [225, 125, 11, 23], [257, 117, 10, 24], [246, 122, 11, 21], [264, 120, 10, 19], [281, 113, 10, 19], [203, 131, 11, 20], [225, 125, 11, 23], [257, 117, 10, 24], [246, 122, 11, 21], [264, 120, 10, 19], [281, 113, 10, 19], [203, 131, 11, 20], [225, 125, 11, 23], [257, 117, 10, 24]]",3.0,middle,low_low_low
509260.jpg,Book,low,low,low,"[[241, 113, 8, 55], [249, 200, 4, 53], [323, 205, 9, 51], [207, 119, 5, 48], [304, 118, 8, 54], [299, 204, 8, 52], [245, 211, 5, 41], [236, 112, 7, 56], [305, 213, 5, 44], [180, 199, 2, 4], [261, 202, 5, 51], [224, 116, 6, 51], [195, 115, 7, 51], [308, 206, 10, 50], [266, 120, 10, 50], [291, 117, 8, 53], [263, 198, 7, 57], [295, 205, 7, 51], [259, 120, 9, 50], [274, 117, 5, 53], [269, 199, 7, 55], [255, 200, 7, 55], [181, 124, 5, 41], [284, 118, 10, 53], [255, 122, 5, 47], [277, 117, 9, 53], [184, 117, 11, 49], [199, 125, 8, 42], [308, 212, 7, 44], [228, 108, 5, 60], [247, 114, 6, 54], [187, 122, 5, 43], [251, 114, 7, 55], [317, 210, 5, 46], [231, 112, 6, 54], [220, 115, 6, 53], [278, 191, 9, 63], [177, 124, 7, 42], [297, 118, 9, 54], [240, 210, 6, 43], [241, 113, 8, 55], [249, 200, 4, 53], [323, 205, 9, 51], [207, 119, 5, 48], [304, 118, 8, 54], [299, 204, 8, 52], [245, 211, 5, 41], [236, 112, 7, 56], [305, 213, 5, 44], [180, 199, 2, 4], [261, 202, 5, 51], [224, 116, 6, 51], [195, 115, 7, 51], [308, 206, 10, 50], [266, 120, 10, 50], [291, 117, 8, 53], [263, 198, 7, 57], [295, 205, 7, 51], [259, 120, 9, 50], [274, 117, 5, 53], [269, 199, 7, 55], [255, 200, 7, 55], [181, 124, 5, 41], [284, 118, 10, 53], [255, 122, 5, 47], [277, 117, 9, 53], [184, 117, 11, 49], [199, 125, 8, 42], [308, 212, 7, 44], [228, 108, 5, 60], [247, 114, 6, 54], [187, 122, 5, 43], [251, 114, 7, 55], [317, 210, 5, 46], [231, 112, 6, 54], [220, 115, 6, 53], [278, 191, 9, 63], [177, 124, 7, 42], [297, 118, 9, 54], [240, 210, 6, 43], [241, 113, 8, 55], [249, 200, 4, 53], [323, 205, 9, 51], [207, 119, 5, 48], [304, 118, 8, 54], [299, 204, 8, 52], [245, 211, 5, 41], [236, 112, 7, 56], [305, 213, 5, 44], [180, 199, 2, 4], [261, 202, 5, 51], [224, 116, 6, 51], [195, 115, 7, 51], [308, 206, 10, 50], [266, 120, 10, 50], [291, 117, 8, 53], [263, 198, 7, 57], [295, 205, 7, 51], [259, 120, 9, 50], [274, 117, 5, 53], [269, 199, 7, 55], [255, 200, 7, 55], [181, 124, 5, 41], [284, 118, 10, 53], [255, 122, 5, 47], [277, 117, 9, 53], [184, 117, 11, 49], [199, 125, 8, 42], [308, 212, 7, 44], [228, 108, 5, 60], [247, 114, 6, 54], [187, 122, 5, 43], [251, 114, 7, 55], [317, 210, 5, 46], [231, 112, 6, 54], [220, 115, 6, 53], [278, 191, 9, 63], [177, 124, 7, 42], [297, 118, 9, 54], [240, 210, 6, 43]]",3.33,middle,low_low_low
205473.jpg,Printed Material,low,low,low,"[[400, 206, 3, 6]]",3.0,middle,low_low_low
382673.jpg,Machine,low,low,low,"[[175, 341, 11, 52]]",3.0,middle,low_low_low
4335c08518179b66.jpg,Musical instrument,low,low,low,"[[390, 318, 22, 84], [390, 318, 22, 84]]",2.5,middle,low_low_low
1777256e995e1ec6.jpg,Person,low,low,middle,"[[380, 383, 13, 12], [394, 382, 10, 15], [412, 380, 12, 15], [478, 379, 10, 10], [653, 349, 19, 30]]",1.0,low,low_low_middle
205473.jpg,Printed Material,low,low,middle,"[[390, 208, 6, 7], [410, 209, 6, 7], [382, 208, 5, 7], [310, 239, 25, 25]]",3.0,middle,low_low_middle
182637.jpg,Printed Material,low,low,middle,"[[277, 333, 5, 6], [277, 333, 5, 6]]",0.5,low,low_low_middle
022caa5e84da4026.jpg,Person,low,low,middle,"[[419, 244, 28, 37], [664, 292, 26, 32], [419, 244, 28, 37], [664, 292, 26, 32], [419, 244, 28, 37], [664, 292, 26, 32]]",4.0,middle,low_low_middle
133146.jpg,Book,low,low,middle,"[[411, 204, 20, 24], [409, 202, 19, 26]]",3.0,middle,low_low_middle
113282.jpg,Person,low,low,middle,"[[219, 277, 18, 27], [219, 277, 18, 27]]",3.0,middle,low_low_middle
324909.jpg,Person,low,low,middle,"[[357, 317, 16, 21], [357, 317, 16, 21], [357, 317, 16, 21], [357, 317, 16, 21]]",3.75,middle,low_low_middle
187886.jpg,Toy,low,low,middle,"[[214, 130, 12, 20], [190, 131, 13, 23], [271, 114, 13, 21], [167, 137, 12, 19], [178, 136, 14, 19], [235, 126, 12, 19], [214, 130, 12, 20], [190, 131, 13, 23], [271, 114, 13, 21], [167, 137, 12, 19], [178, 136, 14, 19], [235, 126, 12, 19], [214, 130, 12, 20], [190, 131, 13, 23], [271, 114, 13, 21], [167, 137, 12, 19], [178, 136, 14, 19], [235, 126, 12, 19]]",3.0,middle,low_low_middle
145820.jpg,Printed Material,low,low,middle,"[[326, 157, 13, 13], [397, 159, 9, 15], [310, 142, 10, 11], [326, 157, 13, 13], [397, 159, 9, 15], [310, 142, 10, 11]]",1.5,low,low_low_middle
106338.jpg,Accessory,low,low,middle,"[[268, 158, 10, 9]]",3.0,middle,low_low_middle
101882.jpg,Vehicle Plate,low,middle,high,"[[228, 379, 32, 20], [228, 379, 32, 20]]",5.5,high,low_middle_high
125699.jpg,Vehicle Plate,low,middle,high,"[[149, 249, 9, 3], [149, 249, 9, 3]]",3.0,middle,low_middle_high
02c704b941566bc9.jpg,Person,low,middle,high,"[[406, 176, 64, 30], [765, 317, 54, 42], [406, 176, 64, 30], [765, 317, 54, 42], [406, 176, 64, 30], [765, 317, 54, 42]]",4.67,high,low_middle_high
154000.jpg,Vehicle Plate,low,middle,high,"[[439, 348, 44, 19], [547, 272, 15, 8], [439, 348, 44, 19], [547, 272, 15, 8], [439, 348, 44, 19], [547, 272, 15, 8]]",4.0,middle,low_middle_high
23282811e70b4df7.jpg,Person,low,middle,high,"[[240, 357, 46, 22], [240, 357, 46, 22], [272, 455, 54, 31]]",2.67,middle,low_middle_high
01f26ca52e27a8d9.jpg,Person,low,middle,high,"[[681, 192, 41, 34], [681, 192, 41, 34]]",4.0,middle,low_middle_high
203982.jpg,Book,low,middle,high,"[[246, 295, 35, 15], [255, 305, 27, 11], [275, 286, 38, 17]]",4.0,middle,low_middle_high
00723dac8201a83e.jpg,Vehicle Plate,low,middle,high,"[[787, 347, 43, 27], [787, 347, 43, 27], [787, 347, 43, 27]]",2.67,middle,low_middle_high
200952.jpg,Printed Material,low,middle,high,"[[272, 300, 23, 11]]",1.0,low,low_middle_high
111277.jpg,Clothing,low,middle,high,"[[238, 138, 24, 20]]",4.0,middle,low_middle_high
182637.jpg,Printed Material,low,middle,low,"[[54, 271, 13, 28], [54, 271, 13, 28]]",0.5,low,low_middle_low
171548.jpg,Scenery,low,middle,low,"[[493, 226, 12, 69], [484, 195, 5, 14], [557, 251, 5, 14]]",4.0,middle,low_middle_low
1bd688207325716e.jpg,Clothing,low,middle,low,"[[726, 150, 25, 83]]",4.0,middle,low_middle_low
101088.jpg,Accessory,low,middle,low,"[[223, 321, 1, 2]]",5.0,high,low_middle_low
119604.jpg,Place Identifier,low,middle,low,"[[184, 216, 10, 21], [96, 282, 2, 4]]",0.0,low,low_middle_low
224166.jpg,Cigarettes,low,middle,low,"[[472, 164, 3, 8]]",3.0,middle,low_middle_low
204ddb40982865e6.jpg,Person,low,middle,low,"[[349, 251, 18, 83], [365, 201, 31, 114]]",4.0,middle,low_middle_low
121393.jpg,Place Identifier,low,middle,low,"[[165, 382, 25, 50]]",1.0,low,low_middle_low
169152.jpg,Person,low,middle,low,"[[242, 476, 9, 17], [167, 471, 5, 12], [254, 474, 11, 25], [260, 484, 13, 39]]",2.0,low,low_middle_low
230995.jpg,Accessory,low,middle,low,"[[161, 431, 6, 11], [161, 431, 6, 11]]",3.5,middle,low_middle_low
121393.jpg,Place Identifier,low,middle,middle,"[[174, 490, 13, 19], [229, 487, 19, 21], [159, 484, 12, 12]]",1.0,low,low_middle_middle
123137.jpg,Person,low,middle,middle,"[[100, 192, 31, 32], [127, 194, 25, 36], [156, 201, 24, 30], [100, 192, 31, 32], [127, 194, 25, 36], [156, 201, 24, 30], [100, 192, 31, 32], [127, 194, 25, 36], [156, 201, 24, 30]]",5.0,high,low_middle_middle
207206c41c624c21.jpg,Person,low,middle,middle,"[[182, 563, 30, 33], [399, 706, 51, 48], [498, 565, 33, 48], [504, 691, 45, 42], [536, 519, 19, 19], [595, 527, 13, 13]]",5.0,high,low_middle_middle
113282.jpg,Person,low,middle,middle,"[[185, 281, 15, 21], [185, 281, 15, 21]]",3.0,middle,low_middle_middle
135410.jpg,Vehicle Plate,low,middle,middle,"[[368, 293, 8, 14], [368, 293, 8, 14]]",3.0,middle,low_middle_middle
2310a9d90806ca38.jpg,Book,low,middle,middle,"[[502, 555, 22, 34], [502, 555, 22, 34]]",1.5,low,low_middle_middle
032518c7e3660911.jpg,Person,low,middle,middle,"[[264, 145, 30, 36], [318, 144, 28, 39], [424, 153, 32, 46], [433, 75, 35, 39], [734, 137, 33, 48], [747, 259, 28, 49], [264, 145, 30, 36], [318, 144, 28, 39], [424, 153, 32, 46], [433, 75, 35, 39], [734, 137, 33, 48], [747, 259, 28, 49], [537, 145, 49, 51], [537, 145, 49, 51]]",4.14,high,low_middle_middle
314246.jpg,Accessory,low,middle,middle,"[[364, 188, 3, 3]]",3.0,middle,low_middle_middle
145820.jpg,Printed Material,low,middle,middle,"[[511, 265, 14, 20], [511, 265, 14, 20]]",1.5,low,low_middle_middle
b26ed3fdc5e763a1.jpg,Place Identifier,low,middle,middle,"[[467, 489, 21, 24]]",5.0,high,low_middle_middle
131138.jpg,Printed Material,middle,high,high,"[[135, 429, 156, 50], [135, 429, 156, 50], [135, 429, 156, 50], [135, 429, 156, 50]]",4.25,high,middle_high_high
328780.jpg,Printed Material,middle,high,high,"[[475, 313, 163, 70]]",0.0,low,middle_high_high
333452abf04d1b2b.jpg,Book,middle,high,high,"[[0, 0, 280, 67], [0, 150, 201, 164], [0, 591, 262, 152], [118, 665, 296, 102], [628, 582, 212, 169]]",3.0,middle,middle_high_high
01c9c7321fe8e116.jpg,Clothing,middle,high,high,"[[11, 260, 230, 136]]",5.0,high,middle_high_high
337c8bda1d64f472.jpg,Person,middle,high,high,"[[0, 139, 89, 48], [0, 139, 89, 48]]",3.0,middle,middle_high_high
0801961485534636.jpg,Vehicle Plate,middle,high,high,"[[409, 646, 176, 88], [409, 646, 176, 88], [409, 646, 176, 88]]",3.0,middle,middle_high_high
01c04124383a9a02.jpg,Person,middle,high,high,"[[653, 0, 120, 82], [802, 0, 165, 140], [653, 0, 120, 82], [802, 0, 165, 140]]",5.0,high,middle_high_high
01fe16fca259a75a.jpg,Person,middle,high,high,"[[153, 11, 232, 157]]",4.0,middle,middle_high_high
119614.jpg,Book,middle,high,high,"[[49, 169, 49, 28], [41, 149, 39, 33], [49, 169, 49, 28], [41, 149, 39, 33], [49, 169, 49, 28], [41, 149, 39, 33]]",3.0,middle,middle_high_high
28f45b12ee25ae19.jpg,Book,middle,high,high,"[[36, 157, 221, 110], [171, 691, 254, 126], [359, 0, 378, 138], [840, 375, 159, 65]]",4.0,middle,middle_high_high
10566.jpg,Place Identifier,middle,high,low,"[[58, 106, 39, 85]]",3.0,middle,middle_high_low
44525445d18bc4e9.jpg,Person,middle,high,low,"[[210, 80, 40, 81]]",4.0,middle,middle_high_low
00dc0530e6779ca6.jpg,Clothing,middle,high,low,"[[619, 741, 61, 138]]",4.0,middle,middle_high_low
171413.jpg,Book,middle,high,low,"[[261, 0, 16, 54], [284, 0, 13, 55], [320, 1, 12, 56], [330, 0, 26, 58], [362, 0, 12, 59], [307, 0, 18, 56], [299, 0, 13, 54], [347, 73, 27, 66]]",6.0,high,middle_high_low
313240.jpg,Book,middle,high,low,"[[368, 0, 22, 54], [53, 15, 31, 83], [59, 155, 38, 99], [368, 0, 22, 54], [53, 15, 31, 83], [59, 155, 38, 99]]",5.0,high,middle_high_low
82e02465a9c48fd0.jpg,Book,middle,high,low,"[[0, 27, 113, 392], [0, 27, 113, 392]]",2.5,middle,middle_high_low
022caa5e84da4026.jpg,Person,middle,high,low,"[[0, 58, 77, 173], [0, 76, 110, 236], [74, 50, 91, 184], [989, 52, 32, 94], [0, 58, 77, 173], [0, 76, 110, 236], [74, 50, 91, 184], [989, 52, 32, 94]]",5.5,high,middle_high_low
2e0982a26b23f67a.jpg,Person,middle,high,low,"[[0, 384, 54, 294], [794, 449, 70, 230]]",6.0,high,middle_high_low
16aaa6421eaf9905.jpg,Person,middle,high,low,"[[616, 16, 45, 111], [919, 0, 104, 333], [919, 0, 104, 331], [616, 16, 45, 111], [919, 0, 104, 333], [919, 0, 104, 331], [919, 0, 104, 331]]",4.57,high,middle_high_low
a07d695db0b2c700.jpg,Scenery,middle,high,low,"[[974, 243, 48, 96]]",1.0,low,middle_high_low
5b5f5c5c05f700b3.jpg,Person,middle,high,middle,"[[523, 81, 99, 112], [517, 81, 108, 108], [523, 81, 99, 112], [517, 81, 108, 108], [517, 81, 108, 108]]",3.4,middle,middle_high_middle
0fa1f463189c8e42.jpg,Person,middle,high,middle,"[[8, 334, 45, 69], [8, 334, 45, 69], [8, 334, 45, 69]]",4.67,high,middle_high_middle
115005.jpg,Screen,middle,high,middle,"[[3, 203, 116, 145], [500, 101, 139, 134], [3, 203, 116, 145], [500, 101, 139, 134], [3, 203, 116, 145], [500, 101, 139, 134], [3, 203, 116, 145], [500, 101, 139, 134]]",3.25,middle,middle_high_middle
80c164df03bf6770.jpg,Person,middle,high,middle,"[[818, 388, 178, 163]]",4.0,middle,middle_high_middle
208fcde7b90bcbf8.jpg,Clothing,middle,high,middle,"[[0, 20, 160, 212], [0, 20, 160, 212], [0, 20, 160, 212]]",4.67,high,middle_high_middle
01ada3c0d980be5e.jpg,Person,middle,high,middle,"[[960, 308, 63, 74]]",4.0,middle,middle_high_middle
133766.jpg,Book,middle,high,middle,"[[516, 70, 86, 90], [584, 212, 55, 93], [584, 212, 55, 93], [516, 70, 86, 90], [584, 212, 55, 93]]",3.4,middle,middle_high_middle
34075a7a303487f9.jpg,Clothing,middle,high,middle,"[[272, 19, 141, 127], [272, 19, 141, 127], [272, 19, 141, 127]]",4.67,high,middle_high_middle
04833bdaa8c68594.jpg,Person,middle,high,middle,"[[23, 153, 41, 51]]",3.0,middle,middle_high_middle
4335c08518179b66.jpg,Person,middle,high,middle,"[[953, 193, 68, 70], [953, 193, 68, 70], [953, 193, 68, 70]]",3.0,middle,middle_high_middle
134586.jpg,Accessory,middle,low,high,"[[140, 279, 115, 103], [140, 279, 115, 103]]",3.5,middle,middle_low_high
2310a9d90806ca38.jpg,Book,middle,low,high,"[[438, 395, 61, 52], [438, 395, 61, 52]]",1.5,low,middle_low_high
171685.jpg,Vehicle Plate,middle,low,high,"[[234, 292, 68, 46], [234, 292, 68, 46]]",1.5,low,middle_low_high
29715.jpg,Place Identifier,middle,low,high,"[[275, 180, 84, 59], [275, 180, 84, 59]]",4.0,middle,middle_low_high
107656.jpg,Pet,middle,low,high,"[[173, 209, 83, 46], [173, 209, 83, 46], [173, 209, 83, 46]]",4.33,high,middle_low_high
16f352b006a890cd.jpg,Clothing,middle,low,high,"[[620, 310, 172, 143]]",4.0,middle,middle_low_high
00fd93edd4717826.jpg,Person,middle,low,high,"[[267, 532, 123, 60]]",3.0,middle,middle_low_high
277338.jpg,Screen,middle,low,high,"[[362, 214, 53, 40], [196, 223, 50, 37]]",5.0,high,middle_low_high
117993.jpg,Place Identifier,middle,low,high,"[[171, 189, 107, 73], [171, 189, 107, 73]]",5.0,high,middle_low_high
02eb8d9a3e34b370.jpg,Person,middle,low,high,"[[183, 449, 86, 32], [319, 392, 118, 51]]",6.0,high,middle_low_high
4335c08518179b66.jpg,Person,middle,low,low,"[[569, 209, 126, 398], [569, 209, 126, 398], [569, 209, 126, 398]]",3.0,middle,middle_low_low
204ddb40982865e6.jpg,Person,middle,low,low,"[[633, 329, 57, 125]]",4.0,middle,middle_low_low
314530.jpg,Printed Material,middle,low,low,"[[292, 203, 44, 88]]",4.0,middle,middle_low_low
169679.jpg,Person,middle,low,low,"[[361, 180, 78, 220], [258, 160, 69, 213]]",1.0,low,middle_low_low
02f5d2bc887486c6.jpg,Clothing,middle,low,low,"[[311, 188, 106, 254], [421, 224, 118, 229], [311, 188, 106, 254], [421, 224, 118, 229], [311, 188, 106, 254], [421, 224, 118, 229]]",2.0,low,middle_low_low
00eb69293aa4c5b7.jpg,Person,middle,low,low,"[[461, 337, 135, 255]]",3.0,middle,middle_low_low
1b0366e125f4e3db.jpg,Person,middle,low,low,"[[366, 74, 134, 268], [366, 74, 134, 268], [366, 74, 134, 268]]",2.33,middle,middle_low_low
3e4ad48b1e86a288.jpg,Person,middle,low,low,"[[428, 78, 95, 406], [431, 78, 89, 404], [428, 78, 95, 406], [431, 78, 89, 404], [428, 78, 95, 406], [431, 78, 89, 404], [428, 78, 95, 406], [431, 78, 89, 404]]",4.88,high,middle_low_low
434511.jpg,Musical instrument,middle,low,low,"[[322, 38, 57, 248], [322, 38, 57, 248]]",2.5,middle,middle_low_low
182903.jpg,Printed Material,middle,low,low,"[[291, 167, 27, 58], [291, 167, 27, 58], [291, 167, 27, 58]]",3.0,middle,middle_low_low
014d85b26445629d.jpg,Person,middle,low,middle,"[[363, 371, 90, 129], [363, 371, 90, 129], [363, 371, 90, 129]]",3.67,middle,middle_low_middle
147bc1b2a07abe88.jpg,Person,middle,low,middle,"[[443, 388, 174, 216], [443, 388, 174, 216], [443, 388, 174, 216], [443, 388, 174, 216]]",4.0,middle,middle_low_middle
121783.jpg,Pet,middle,low,middle,"[[194, 281, 140, 161], [194, 281, 140, 161]]",2.0,low,middle_low_middle
0822a13549844948.jpg,Clothing,middle,low,middle,"[[492, 150, 75, 110], [492, 150, 75, 110]]",3.5,middle,middle_low_middle
181139.jpg,Person,middle,low,middle,"[[230, 274, 42, 46], [230, 274, 42, 46]]",3.0,middle,middle_low_middle
34075a7a303487f9.jpg,Person,middle,low,middle,"[[327, 281, 151, 165], [478, 279, 151, 172], [327, 281, 151, 165], [478, 279, 151, 172], [327, 281, 151, 165], [478, 279, 151, 172]]",4.0,middle,middle_low_middle
156404.jpg,Identity,middle,low,middle,"[[173, 261, 66, 73], [173, 261, 66, 73]]",2.5,middle,middle_low_middle
30aa53f05602d3ec.jpg,Person,middle,low,middle,"[[265, 308, 107, 116], [560, 332, 113, 107]]",6.0,high,middle_low_middle
01173219f4e54c35.jpg,Person,middle,low,middle,"[[533, 126, 150, 215]]",1.0,low,middle_low_middle
5bcc87c13b42e844.jpg,Person,middle,low,middle,"[[467, 388, 79, 96], [388, 388, 174, 246]]",4.0,middle,middle_low_middle
00eb69293aa4c5b7.jpg,Person,middle,middle,high,"[[639, 312, 104, 46], [453, 624, 137, 31]]",3.0,middle,middle_middle_high
0bb193f2cf957fdd.jpg,Person,middle,middle,high,"[[277, 135, 57, 48], [649, 134, 75, 53]]",4.0,middle,middle_middle_high
1654c86093ada840.jpg,Screen,middle,middle,high,"[[224, 177, 88, 77], [224, 177, 88, 77]]",2.0,low,middle_middle_high
0dbd358b804cdc0d.jpg,Book,middle,middle,high,"[[0, 293, 356, 105], [370, 104, 278, 149], [372, 406, 146, 130]]",5.0,high,middle_middle_high
184099.jpg,Screen,middle,middle,high,"[[46, 76, 98, 71], [46, 76, 98, 71]]",6.0,high,middle_middle_high
231f3e437626f792.jpg,Accessory,middle,middle,high,"[[0, 309, 288, 108], [0, 309, 288, 108]]",3.5,middle,middle_middle_high
1076753c4c6ddb22.jpg,Person,middle,middle,high,"[[227, 199, 139, 107], [227, 199, 139, 107]]",3.0,middle,middle_middle_high
2908288f0c371f1f.jpg,Screen,middle,middle,high,"[[229, 145, 182, 145], [229, 145, 182, 145], [229, 145, 182, 145]]",3.33,middle,middle_middle_high
0822a13549844948.jpg,Vehicle Plate,middle,middle,high,"[[623, 505, 110, 25], [623, 505, 110, 25], [623, 505, 110, 25], [623, 505, 110, 25]]",3.75,middle,middle_middle_high
140263.jpg,Table,middle,middle,high,"[[0, 387, 213, 57]]",3.0,middle,middle_middle_high
119337.jpg,Clothing,middle,middle,low,"[[70, 186, 56, 160]]",2.0,low,middle_middle_low
204767.jpg,Clothing,middle,middle,low,"[[325, 267, 36, 124]]",4.0,middle,middle_middle_low
160535.jpg,Person,middle,middle,low,"[[325, 345, 28, 50], [431, 302, 21, 85], [427, 310, 23, 80]]",5.0,high,middle_middle_low
252244.jpg,Place Identifier,middle,middle,low,"[[145, 85, 46, 124], [145, 85, 46, 124], [145, 85, 46, 124], [145, 85, 46, 124]]",3.25,middle,middle_middle_low
0fa1f463189c8e42.jpg,Clothing,middle,middle,low,"[[695, 327, 59, 145], [695, 327, 59, 145]]",2.0,low,middle_middle_low
148551.jpg,Musical instrument,middle,middle,low,"[[120, 160, 19, 105], [329, 215, 42, 94], [131, 157, 38, 113], [110, 77, 30, 101], [108, 96, 16, 68]]",3.0,middle,middle_middle_low
010d9a7f0d2e0622.jpg,Person,middle,middle,low,"[[223, 350, 119, 332]]",3.0,middle,middle_middle_low
214720.jpg,Food,middle,middle,low,"[[85, 158, 49, 122], [85, 158, 49, 122]]",4.0,middle,middle_middle_low
110982.jpg,Person,middle,middle,low,"[[402, 245, 70, 133], [402, 245, 70, 133]]",4.0,middle,middle_middle_low
01ab773186c630c4.jpg,Person,middle,middle,low,"[[693, 150, 62, 159], [709, 136, 62, 191], [802, 108, 53, 205], [839, 122, 80, 189], [693, 150, 62, 159], [709, 136, 62, 191], [802, 108, 53, 205], [839, 122, 80, 189]]",5.5,high,middle_middle_low
106166.jpg,Pet,middle,middle,middle,"[[372, 207, 76, 79]]",3.0,middle,middle_middle_middle
4335c08518179b66.jpg,Person,middle,middle,middle,"[[776, 206, 153, 254], [776, 206, 153, 254], [776, 206, 153, 254]]",3.0,middle,middle_middle_middle
117142f3ff2f20d1.jpg,Person,middle,middle,middle,"[[315, 111, 84, 110], [318, 107, 75, 113], [318, 110, 81, 110], [315, 111, 84, 110]]",4.25,high,middle_middle_middle
1076753c4c6ddb22.jpg,Person,middle,middle,middle,"[[251, 200, 113, 109], [747, 174, 125, 131], [251, 200, 113, 109], [747, 174, 125, 131], [741, 174, 144, 133], [251, 200, 113, 109], [747, 174, 125, 131], [741, 174, 144, 133]]",3.75,middle,middle_middle_middle
2652af185a59196c.jpg,Person,middle,middle,middle,"[[572, 526, 68, 92], [572, 526, 68, 92], [572, 526, 68, 92]]",4.67,high,middle_middle_middle
255375.jpg,Accessory,middle,middle,middle,"[[460, 249, 54, 50]]",2.0,low,middle_middle_middle
01125dd72c09cc5a.jpg,Person,middle,middle,middle,"[[96, 311, 61, 74], [179, 501, 66, 85], [185, 273, 53, 66], [238, 262, 51, 55], [473, 608, 63, 87], [537, 394, 49, 66], [162, 469, 91, 117], [172, 245, 70, 96], [226, 232, 64, 81], [460, 580, 91, 110], [512, 377, 74, 78], [96, 311, 61, 74], [179, 501, 66, 85], [185, 273, 53, 66], [238, 262, 51, 55], [473, 608, 63, 87], [537, 394, 49, 66], [162, 469, 91, 117], [172, 245, 70, 96], [226, 232, 64, 81], [460, 580, 91, 110], [512, 377, 74, 78], [96, 311, 61, 74], [179, 501, 66, 85], [185, 273, 53, 66], [238, 262, 51, 55], [473, 608, 63, 87], [537, 394, 49, 66]]",3.46,middle,middle_middle_middle
541538.jpg,Identity,middle,middle,middle,"[[299, 71, 97, 111], [299, 71, 97, 111]]",0.5,low,middle_middle_middle
1ca2486498488b59.jpg,Person,middle,middle,middle,"[[231, 75, 185, 251], [231, 75, 185, 251], [231, 75, 185, 251]]",3.67,middle,middle_middle_middle
1654c86093ada840.jpg,Screen,middle,middle,middle,"[[153, 176, 74, 86], [153, 176, 74, 86]]",2.0,low,middle_middle_middle
