category,informationType,informativeness,sharingOwner,sharingOthers,age,gender,frequency,platform,extraversion,agreeableness,conscientiousness,neuroticism,openness,imagePath,originalDataset,bbox,nationality
Manual Label,"[1, 0, 1, 0, 0, 0]",1,"[0, 1, 1, 0, 0, 0, 0]","[1, 0, 0, 0, 0, 0, 0]",27,Female,1,CrowdWorks,4,6,4,9,10,139150.jpg,LVIS,"[[196, 61, 265, 265]]",Japan
Manual Label,"[1, 0, 0, 0, 0, 0]",5,"[0, 1, 0, 0, 0, 0, 0]","[0, 1, 0, 0, 0, 0, 0]",23,Male,0,CrowdWorks,3,5,5,8,8,0d6ca8553971fefd.jpg,OpenImages,"[[307, 285, 24, 132]]",Japan
Manual Label,"[1, 0, 1, 0, 1, 0]",1,"[0, 1, 1, 0, 0, 0, 0]","[1, 0, 0, 0, 0, 0, 0]",20,Male,1,Prolific,2,7,3,10,6,189806.jpg,LVIS,"[[121, 157, 108, 119]]",UK
Manual Label,"[1, 0, 0, 0, 0, 0]",4,"[0, 0, 0, 0, 1, 0, 0]","[1, 0, 0, 0, 0, 0, 0]",29,Female,1,Prolific,5,9,3,7,8,107339.jpg,LVIS,"[[140, 16, 36, 25]]",UK
Manual Label,"[1, 0, 0, 0, 0, 0]",6,"[0, 1, 0, 0, 0, 0, 0]","[1, 0, 0, 0, 0, 0, 0]",39,Female,1,CrowdWorks,3,4,5,9,8,118811.jpg,LVIS,"[[36, 61, 232, 254]]",Japan
Manual Label,"[1, 0, 0, 0, 0, 0]",5,"[0, 0, 1, 1, 0, 0, 0]","[0, 1, 1, 0, 0, 0, 0]",31,Male,1,Prolific,4,4,5,8,10,118811.jpg,LVIS,"[[80, 182, 140, 137]]",UK
Manual Label,"[0, 0, 0, 1, 0, 0]",4,"[1, 0, 0, 0, 0, 0, 0]","[1, 0, 0, 0, 0, 0, 0]",38,Female,1,CrowdWorks,4,6,7,7,10,04a27da7e880ddcd.jpg,OpenImages,"[[336, 9, 105, 210]]",Japan
Manual Label,"[1, 0, 0, 0, 0, 0]",4,"[0, 1, 1, 1, 0, 0, 0]","[0, 1, 1, 1, 0, 0, 0]",39,Female,2,CrowdWorks,4,7,6,7,8,56a690f5c282c6a4.jpg,OpenImages,"[[937, 11, 96, 157]]",Japan
Manual Label,"[0, 0, 1, 1, 0, 0]",4,"[0, 1, 0, 0, 0, 0, 0]","[0, 1, 0, 0, 0, 0, 0]",31,Male,1,CrowdWorks,4,6,6,9,9,049e7e84b7055f7f.jpg,OpenImages,"[[184, 1, 720, 230]]",Japan
Manual Label,"[0, 1, 0, 0, 0, 0]",2,"[0, 1, 1, 0, 0, 0, 0]","[0, 1, 1, 0, 0, 0, 0]",52,Female,1,Prolific,4,7,9,6,6,121316.jpg,LVIS,"[[159, 129, 214, 203]]",UK
Manual Label,"[0, 1, 0, 0, 0, 0]",2,"[0, 1, 0, 1, 0, 0, 0]","[1, 0, 0, 0, 0, 0, 0]",39,Male,0,CrowdWorks,2,5,4,10,3,107226.jpg,LVIS,"[[5, 8, 469, 621]]",Japan
Manual Label,"[0, 0, 0, 0, 1, 0]",2,"[0, 1, 1, 1, 0, 0, 0]","[0, 1, 1, 1, 0, 0, 0]",33,Male,1,CrowdWorks,4,4,6,8,8,7ae56b9a673b49cb.jpg,OpenImages,"[[481, 737, 279, 91]]",Japan
Manual Label,"[1, 0, 1, 0, 0, 0]",6,"[0, 1, 0, 0, 0, 0, 0]","[1, 0, 0, 0, 0, 0, 0]",55,Male,1,CrowdWorks,5,6,6,8,6,202099.jpg,LVIS,"[[52, 28, 425, 228]]",Japan
Manual Label,"[1, 0, 0, 0, 0, 0]",5,"[0, 1, 0, 0, 0, 0, 0]","[1, 0, 0, 0, 0, 0, 0]",31,Female,3,Prolific,4,8,8,10,6,014d85b26445629d.jpg,OpenImages,"[[104, 458, 55, 55]]",UK
Manual Label,"[1, 0, 0, 0, 1, 0]",4,"[0, 1, 0, 0, 0, 0, 0]","[1, 0, 0, 0, 0, 0, 0]",33,Male,1,CrowdWorks,4,4,6,8,8,160407.jpg,LVIS,"[[233, 218, 49, 155]]",Japan
Manual Label,"[1, 0, 0, 0, 1, 0]",4,"[0, 1, 0, 0, 0, 0, 0]","[1, 0, 0, 0, 0, 0, 0]",33,Male,1,CrowdWorks,4,4,6,8,8,160407.jpg,LVIS,"[[288, 226, 22, 148]]",Japan
Manual Label,"[1, 0, 0, 0, 1, 0]",4,"[0, 1, 0, 0, 0, 0, 0]","[1, 0, 0, 0, 0, 0, 0]",33,Male,1,CrowdWorks,4,4,6,8,8,160407.jpg,LVIS,"[[309, 216, 53, 157]]",Japan
Manual Label,"[1, 0, 0, 0, 1, 0]",4,"[0, 1, 0, 0, 0, 0, 0]","[1, 0, 0, 0, 0, 0, 0]",33,Male,1,CrowdWorks,4,4,6,8,8,160407.jpg,LVIS,"[[362, 227, 38, 147]]",Japan
Manual Label,"[1, 0, 0, 0, 1, 0]",4,"[0, 1, 0, 0, 0, 0, 0]","[1, 0, 0, 0, 0, 0, 0]",33,Male,1,CrowdWorks,4,4,6,8,8,160407.jpg,LVIS,"[[401, 221, 45, 155]]",Japan
Manual Label,"[1, 0, 0, 0, 0, 0]",6,"[1, 0, 0, 0, 0, 0, 0]","[1, 0, 0, 0, 0, 0, 0]",45,Male,1,CrowdWorks,4,4,5,10,8,124786.jpg,LVIS,"[[260, 120, 120, 94]]",Japan
Manual Label,"[1, 0, 1, 0, 0, 0]",6,"[1, 0, 0, 0, 0, 0, 0]","[1, 0, 0, 0, 0, 0, 0]",45,Male,1,CrowdWorks,4,4,5,10,8,124786.jpg,LVIS,"[[102, 102, 321, 519]]",Japan
Manual Label,"[1, 0, 0, 0, 0, 0]",1,"[0, 1, 1, 0, 0, 0, 0]","[0, 1, 0, 0, 0, 0, 0]",24,Female,1,CrowdWorks,4,6,5,8,7,140640.jpg,LVIS,"[[125, 65, 175, 132]]",Japan
Manual Label,"[1, 0, 0, 0, 0, 0]",1,"[0, 1, 1, 0, 0, 0, 0]","[0, 1, 0, 0, 0, 0, 0]",24,Female,1,CrowdWorks,4,6,5,8,7,140640.jpg,LVIS,"[[313, 61, 120, 121]]",Japan
Manual Label,"[1, 0, 0, 0, 0, 0]",1,"[0, 1, 1, 0, 0, 0, 0]","[0, 1, 0, 0, 0, 0, 0]",24,Female,1,CrowdWorks,4,6,5,8,7,140640.jpg,LVIS,"[[486, 78, 121, 121]]",Japan
Manual Label,"[1, 0, 0, 0, 0, 0]",4,"[0, 1, 1, 1, 0, 0, 0]","[0, 1, 1, 1, 0, 0, 0]",36,Male,1,Prolific,3,6,8,5,7,191342.jpg,LVIS,"[[147, 74, 67, 71]]",UK
Manual Label,"[1, 0, 0, 0, 0, 0]",4,"[0, 0, 0, 1, 0, 0, 0]","[0, 0, 1, 1, 0, 0, 0]",42,Male,1,CrowdWorks,5,4,7,10,5,124803.jpg,LVIS,"[[53, 339, 62, 62]]",Japan
Manual Label,"[1, 0, 1, 0, 0, 0]",6,"[0, 1, 0, 0, 0, 0, 0]","[1, 0, 0, 0, 0, 0, 0]",39,Female,3,CrowdWorks,4,6,6,9,10,102757.jpg,LVIS,"[[110, 0, 261, 193]]",Japan
Manual Label,"[1, 0, 0, 0, 1, 0]",6,"[1, 0, 0, 0, 0, 0, 0]","[1, 0, 0, 0, 0, 0, 0]",28,Male,2,Prolific,7,5,6,6,9,334813.jpg,LVIS,"[[1, 486, 396, 149]]",UK
Manual Label,"[1, 0, 0, 0, 0, 0]",6,"[0, 0, 1, 1, 0, 0, 0]","[0, 0, 0, 1, 0, 0, 0]",22,Female,2,CrowdWorks,8,7,7,4,8,152650.jpg,LVIS,"[[277, 21, 156, 162]]",Japan
Manual Label,"[1, 0, 0, 0, 0, 0]",4,"[0, 1, 1, 0, 0, 0, 0]","[0, 1, 0, 0, 0, 0, 0]",33,Female,1,Prolific,6,4,7,8,9,104564.jpg,LVIS,"[[144, 37, 314, 275]]",UK
Manual Label,"[0, 0, 0, 1, 0, 0]",4,"[1, 0, 0, 0, 0, 0, 0]","[1, 0, 0, 0, 0, 0, 0]",39,Female,2,CrowdWorks,4,7,6,7,8,137967.jpg,LVIS,"[[201, -22, 185, 80]]",Japan
Manual Label,"[0, 0, 0, 0, 1, 0]",4,"[1, 0, 0, 0, 0, 0, 0]","[1, 0, 0, 0, 0, 0, 0]",39,Female,2,CrowdWorks,4,7,6,7,8,137967.jpg,LVIS,"[[283, 90, 78, 49]]",Japan
Manual Label,"[0, 0, 0, 0, 1, 0]",4,"[1, 0, 0, 0, 0, 0, 0]","[1, 0, 0, 0, 0, 0, 0]",39,Female,2,CrowdWorks,4,7,6,7,8,137967.jpg,LVIS,"[[101, 292, 70, 58]]",Japan
Manual Label,"[0, 0, 0, 0, 1, 0]",4,"[1, 0, 0, 0, 0, 0, 0]","[1, 0, 0, 0, 0, 0, 0]",39,Female,2,CrowdWorks,4,7,6,7,8,137967.jpg,LVIS,"[[22, 150, 90, 43]]",Japan
Manual Label,"[0, 1, 0, 0, 0, 0]",4,"[0, 1, 1, 1, 1, 1, 0]","[0, 1, 1, 1, 1, 1, 0]",29,Male,4,Prolific,3,6,7,8,8,731173d27e06b210.jpg,OpenImages,"[[11, 23, 194, 212]]",UK
Manual Label,"[0, 1, 0, 0, 0, 0]",4,"[0, 1, 1, 1, 1, 1, 0]","[0, 1, 1, 1, 1, 1, 0]",29,Male,4,Prolific,3,6,7,8,8,731173d27e06b210.jpg,OpenImages,"[[63, 491, 36, 37]]",UK
Manual Label,"[0, 0, 0, 0, 1, 0]",4,"[0, 0, 0, 0, 0, 0, 1]","[0, 0, 0, 0, 0, 0, 1]",26,Female,1,Prolific,3,8,5,4,3,128522.jpg,LVIS,"[[203, 360, 209, 99]]",UK
Manual Label,"[1, 0, 0, 0, 0, 0]",5,"[0, 1, 1, 1, 1, 0, 0]","[0, 1, 1, 1, 1, 0, 0]",38,Male,3,Prolific,6,8,7,8,7,170048.jpg,LVIS,"[[350, 108, 35, 172]]",UK
Manual Label,"[1, 1, 0, 0, 0, 0]",4,"[0, 1, 0, 0, 0, 0, 0]","[0, 1, 0, 0, 0, 0, 0]",41,Female,1,CrowdWorks,5,6,10,4,6,13ae232e3bf907fd.jpg,OpenImages,"[[275, 15, 139, 209]]",Japan
Manual Label,"[1, 1, 1, 0, 0, 1]",5,"[1, 0, 0, 0, 0, 0, 0]","[1, 0, 0, 0, 0, 0, 0]",60,Male,1,Prolific,2,4,9,3,4,148620.jpg,LVIS,"[[89, 44, 137, 69]]",UK
Manual Label,"[1, 0, 0, 0, 0, 0]",5,"[0, 1, 1, 0, 0, 0, 0]","[1, 0, 0, 0, 0, 0, 0]",22,Male,1,Prolific,3,7,7,8,9,20291.jpg,LVIS,"[[243, -28, 186, 243]]",UK
Manual Label,"[1, 0, 0, 0, 0, 0]",4,"[0, 1, 1, 0, 0, 0, 0]","[0, 1, 0, 0, 0, 0, 0]",38,Male,2,Prolific,4,6,6,10,10,222702.jpg,LVIS,"[[90, 291, 100, 211]]",UK
Manual Label,"[0, 1, 0, 0, 0, 0]",5,"[0, 1, 1, 0, 0, 0, 0]","[0, 1, 0, 0, 0, 0, 0]",38,Male,2,Prolific,4,6,6,10,10,222702.jpg,LVIS,"[[77, 128, 105, 165]]",UK
Manual Label,"[1, 0, 0, 0, 0, 0]",4,"[0, 1, 1, 0, 0, 0, 0]","[0, 1, 1, 0, 0, 0, 0]",55,Female,0,CrowdWorks,2,5,5,9,7,3567f456130c4ec2.jpg,OpenImages,"[[136, 216, 332, 342]]",Japan
Manual Label,"[1, 0, 0, 0, 0, 0]",5,"[0, 0, 1, 0, 0, 0, 0]","[0, 0, 1, 0, 0, 0, 0]",35,Female,1,CrowdWorks,6,6,6,7,6,12224.jpg,LVIS,"[[222, 90, 241, 203]]",Japan
Manual Label,"[0, 1, 0, 0, 0, 0]",5,"[1, 0, 0, 0, 0, 0, 0]","[0, 0, 0, 1, 0, 0, 0]",24,Male,3,Prolific,3,6,5,9,9,0dafda2d460a3354.jpg,OpenImages,"[[73, 90, 590, 393]]",UK
Manual Label,"[0, 1, 0, 0, 0, 0]",4,"[0, 1, 1, 1, 0, 0, 0]","[0, 1, 1, 1, 0, 0, 0]",21,Female,2,Prolific,10,4,4,8,7,153710.jpg,LVIS,"[[17, 20, 454, 206]]",UK
Manual Label,"[1, 0, 0, 0, 0, 0]",4,"[0, 1, 1, 0, 0, 0, 0]","[0, 1, 0, 0, 0, 0, 0]",27,Male,2,Prolific,5,7,9,6,8,08481c03daf6f35d.jpg,OpenImages,"[[743, 438, 117, 75]]",UK
Manual Label,"[1, 1, 0, 1, 0, 0]",5,"[0, 1, 1, 0, 0, 0, 0]","[0, 1, 0, 0, 0, 0, 0]",36,Male,3,CrowdWorks,4,4,7,7,9,091c033b2a7df15b.jpg,OpenImages,"[[114, 139, 834, 438]]",Japan
Manual Label,"[1, 0, 1, 1, 1, 0]",6,"[0, 1, 0, 0, 0, 0, 0]","[1, 0, 0, 0, 0, 0, 0]",43,Male,1,Prolific,6,10,7,9,9,123944.jpg,LVIS,"[[175, 125, 57, 63]]",UK
Manual Label,"[1, 0, 1, 1, 1, 0]",6,"[0, 1, 0, 0, 0, 0, 0]","[1, 0, 0, 0, 0, 0, 0]",43,Male,1,Prolific,6,10,7,9,9,123944.jpg,LVIS,"[[357, 158, 63, 63]]",UK
Manual Label,"[1, 0, 1, 1, 1, 0]",6,"[0, 1, 0, 0, 0, 0, 0]","[1, 0, 0, 0, 0, 0, 0]",43,Male,1,Prolific,6,10,7,9,9,123944.jpg,LVIS,"[[197, 263, 124, 140]]",UK
Manual Label,"[1, 0, 1, 0, 1, 0]",1,"[0, 1, 1, 0, 0, 0, 0]","[0, 1, 1, 0, 0, 0, 0]",43,Male,1,Prolific,6,10,7,9,9,123944.jpg,LVIS,"[[259, 187, 345, 106]]",UK
Manual Label,"[1, 0, 0, 0, 0, 0]",1,"[1, 0, 0, 0, 0, 0, 0]","[1, 0, 0, 0, 0, 0, 0]",20,Male,2,Prolific,7,6,6,9,10,276476.jpg,LVIS,"[[537, 365, 103, 68]]",UK
Manual Label,"[0, 1, 0, 0, 0, 0]",2,"[0, 1, 1, 0, 0, 0, 0]","[0, 1, 1, 0, 0, 0, 0]",28,Male,0,Prolific,3,7,6,9,6,205808.jpg,LVIS,"[[91, 312, 263, 258]]",UK
Manual Label,"[1, 0, 0, 0, 0, 0]",6,"[1, 0, 0, 0, 0, 0, 0]","[1, 0, 0, 0, 0, 0, 0]",49,Female,2,CrowdWorks,4,8,7,6,4,128127.jpg,LVIS,"[[147, 212, 114, 127]]",Japan
Manual Label,"[1, 0, 0, 0, 0, 0]",4,"[1, 0, 0, 0, 0, 0, 0]","[1, 0, 0, 0, 0, 0, 0]",30,Male,2,CrowdWorks,7,3,8,7,10,07b75881c1ffc059.jpg,OpenImages,"[[100, 36, 396, 516]]",Japan
Manual Label,"[0, 0, 0, 0, 0, 1]",1,"[1, 0, 0, 0, 0, 0, 0]","[1, 0, 0, 0, 0, 0, 0]",37,Male,0,Prolific,3,7,7,7,8,011aa924ac37f130.jpg,OpenImages,"[[3, 3, 1022, 764]]",UK
Manual Label,"[0, 0, 1, 0, 0, 0]",4,"[0, 1, 1, 1, 1, 0, 0]","[0, 1, 1, 1, 1, 0, 0]",21,Female,2,Prolific,10,4,4,8,7,167e73349f96c0e2.jpg,OpenImages,"[[175, 175, 665, 388]]",UK
Manual Label,"[1, 0, 0, 0, 0, 0]",4,"[0, 0, 1, 0, 0, 0, 0]","[0, 0, 1, 0, 0, 0, 0]",43,Male,1,CrowdWorks,3,6,4,8,5,494913.jpg,LVIS,"[[522, 204, 106, 137]]",Japan
Manual Label,"[1, 0, 1, 1, 0, 0]",1,"[0, 1, 1, 0, 0, 0, 0]","[1, 0, 0, 0, 0, 0, 0]",27,Female,1,CrowdWorks,4,6,4,9,10,13729.jpg,LVIS,"[[64, 37, 449, 431]]",Japan
Manual Label,"[1, 0, 0, 1, 0, 0]",4,"[0, 0, 1, 0, 0, 0, 0]","[0, 1, 1, 0, 0, 0, 0]",59,Female,3,Prolific,6,8,10,5,7,13729.jpg,LVIS,"[[97, 63, 352, 80]]",UK
Manual Label,"[1, 0, 0, 0, 0, 0]",6,"[0, 1, 0, 0, 0, 0, 0]","[1, 0, 0, 0, 0, 0, 0]",26,Male,1,CrowdWorks,3,4,6,6,6,211141.jpg,LVIS,"[[112, 43, 267, 522]]",Japan
Manual Label,"[1, 0, 0, 0, 1, 0]",6,"[1, 0, 0, 0, 0, 0, 0]","[1, 0, 0, 0, 0, 0, 0]",43,Male,1,Prolific,6,10,7,9,9,211141.jpg,LVIS,"[[95, 45, 306, 542]]",UK
Manual Label,"[1, 0, 0, 0, 0, 0]",6,"[1, 0, 0, 0, 0, 0, 0]","[1, 0, 0, 0, 0, 0, 0]",53,Female,3,CrowdWorks,4,6,6,9,9,166478.jpg,LVIS,"[[103, 85, 122, 110]]",Japan
Manual Label,"[1, 0, 0, 0, 0, 0]",6,"[1, 0, 0, 0, 0, 0, 0]","[1, 0, 0, 0, 0, 0, 0]",64,Male,0,Prolific,4,4,7,3,4,166478.jpg,LVIS,"[[52, 85, 552, 332]]",UK
Manual Label,"[1, 0, 1, 0, 1, 0]",5,"[0, 1, 1, 1, 0, 0, 0]","[0, 1, 1, 0, 0, 0, 0]",32,Male,1,CrowdWorks,3,7,7,4,8,272741.jpg,LVIS,"[[125, 89, 197, 230]]",Japan
Manual Label,"[0, 0, 0, 0, 1, 1]",5,"[0, 1, 0, 0, 0, 0, 0]","[0, 1, 0, 0, 0, 0, 0]",31,Male,1,Prolific,3,7,6,4,5,134886.jpg,LVIS,"[[448, 399, 29, 15]]",UK
Manual Label,"[1, 0, 0, 0, 0, 0]",6,"[0, 1, 0, 0, 0, 0, 0]","[1, 0, 0, 0, 0, 0, 0]",26,Male,1,CrowdWorks,3,4,6,6,6,136915.jpg,LVIS,"[[93, 73, 232, 361]]",Japan
Manual Label,"[1, 0, 0, 0, 1, 0]",6,"[1, 0, 0, 0, 0, 0, 0]","[1, 0, 0, 0, 0, 0, 0]",26,Male,1,CrowdWorks,3,4,6,6,6,136915.jpg,LVIS,"[[403, 109, 179, 318]]",Japan
Manual Label,"[1, 0, 0, 0, 0, 0]",4,"[0, 1, 0, 0, 0, 0, 0]","[1, 0, 0, 0, 0, 0, 0]",26,Male,1,CrowdWorks,3,4,6,6,6,136915.jpg,LVIS,"[[592, 271, 49, 153]]",Japan
Manual Label,"[1, 0, 0, 1, 1, 0]",5,"[0, 1, 0, 0, 0, 0, 0]","[1, 0, 0, 0, 0, 0, 0]",43,Male,1,Prolific,6,10,7,9,9,136915.jpg,LVIS,"[[112, 66, 196, 118]]",UK
Manual Label,"[1, 0, 1, 1, 1, 0]",5,"[0, 1, 0, 0, 0, 0, 0]","[1, 0, 0, 0, 0, 0, 0]",43,Male,1,Prolific,6,10,7,9,9,136915.jpg,LVIS,"[[400, 99, 254, 343]]",UK
Manual Label,"[0, 0, 0, 1, 0, 0]",5,"[0, 0, 0, 0, 1, 0, 0]","[0, 0, 0, 0, 1, 0, 0]",57,Female,0,CrowdWorks,4,5,9,8,7,103935.jpg,LVIS,"[[136, 22, 300, 274]]",Japan
Manual Label,"[0, 0, 0, 0, 1, 0]",3,"[1, 0, 0, 0, 0, 0, 0]","[1, 0, 0, 0, 0, 0, 0]",62,Male,2,Prolific,2,2,6,6,10,473069.jpg,LVIS,"[[116, 210, 65, 100]]",UK
Manual Label,"[1, 0, 0, 0, 0, 1]",6,"[1, 0, 0, 0, 0, 0, 0]","[1, 0, 0, 0, 0, 0, 0]",29,Male,4,Prolific,3,6,7,8,8,165624613ce0b10a.jpg,OpenImages,"[[16, 178, 1009, 98]]",UK
Manual Label,"[0, 0, 0, 0, 0, 1]",5,"[1, 0, 0, 0, 0, 0, 0]","[1, 0, 0, 0, 0, 0, 0]",29,Male,4,Prolific,3,6,7,8,8,165624613ce0b10a.jpg,OpenImages,"[[3, 424, 60, 91]]",UK
Manual Label,"[0, 0, 0, 0, 1, 0]",3,"[1, 0, 0, 0, 0, 0, 0]","[1, 0, 0, 0, 0, 0, 0]",62,Male,2,Prolific,2,2,6,6,10,0cacb08195a3e2d7.jpg,OpenImages,"[[309, 385, 144, 94]]",UK
Manual Label,"[1, 0, 0, 0, 0, 0]",3,"[1, 0, 0, 0, 0, 0, 0]","[1, 0, 0, 0, 0, 0, 0]",56,Female,1,Prolific,6,5,9,5,5,126110.jpg,LVIS,"[[106, 53, 56, 117]]",UK
Manual Label,"[0, 0, 0, 0, 1, 0]",3,"[1, 0, 0, 0, 0, 0, 0]","[1, 0, 0, 0, 0, 0, 0]",56,Female,1,Prolific,6,5,9,5,5,126110.jpg,LVIS,"[[249, 96, 42, 80]]",UK
Manual Label,"[1, 0, 1, 1, 1, 0]",5,"[0, 1, 0, 0, 0, 0, 0]","[0, 1, 0, 0, 0, 0, 0]",38,Female,1,CrowdWorks,8,6,8,4,7,146316cdeb2aef2a.jpg,OpenImages,"[[502, 123, 92, 137]]",Japan
Manual Label,"[0, 1, 0, 0, 0, 0]",5,"[0, 0, 1, 0, 0, 0, 0]","[1, 0, 0, 0, 0, 0, 0]",38,Female,2,Prolific,5,6,5,8,7,119516.jpg,LVIS,"[[12, 7, 502, 219]]",UK
Manual Label,"[0, 0, 1, 0, 1, 0]",5,"[1, 0, 0, 0, 0, 0, 0]","[1, 0, 0, 0, 0, 0, 0]",46,Male,1,Prolific,9,4,9,5,9,366683.jpg,LVIS,"[[200, 180, 291, 383]]",UK
Manual Label,"[0, 0, 1, 0, 0, 0]",5,"[0, 1, 1, 0, 0, 0, 0]","[0, 1, 1, 0, 0, 0, 0]",46,Male,1,Prolific,9,4,9,5,9,366683.jpg,LVIS,"[[67, 11, 514, 345]]",UK
Manual Label,"[1, 0, 0, 0, 0, 0]",4,"[0, 1, 0, 0, 0, 0, 0]","[1, 0, 0, 0, 0, 0, 0]",37,Female,2,CrowdWorks,7,6,6,9,8,13856.jpg,LVIS,"[[73, 135, 46, 97]]",Japan
Manual Label,"[0, 0, 0, 0, 1, 0]",3,"[1, 0, 0, 0, 0, 0, 0]","[1, 0, 0, 0, 0, 0, 0]",29,Male,4,Prolific,3,6,7,8,8,8d77172370c2d4b2.jpg,OpenImages,"[[810, 359, 208, 85]]",UK
Manual Label,"[1, 0, 0, 0, 0, 0]",3,"[0, 1, 1, 1, 0, 0, 0]","[1, 0, 0, 0, 0, 0, 0]",56,Female,1,Prolific,6,5,9,5,5,283548.jpg,LVIS,"[[137, 233, 88, 94]]",UK
Manual Label,"[1, 0, 0, 0, 0, 0]",6,"[1, 0, 0, 0, 0, 0, 0]","[1, 0, 0, 0, 0, 0, 0]",42,Male,3,Prolific,8,6,7,6,5,251016.jpg,LVIS,"[[167, 33, 58, 87]]",UK
Manual Label,"[0, 0, 0, 0, 1, 0]",5,"[1, 0, 0, 0, 0, 0, 0]","[1, 0, 0, 0, 0, 0, 0]",31,Male,2,CrowdWorks,9,10,10,3,7,155591.jpg,LVIS,"[[342, 38, 156, 123]]",Japan
Manual Label,"[1, 0, 0, 0, 0, 0]",5,"[0, 1, 1, 1, 0, 0, 0]","[0, 1, 1, 1, 1, 0, 0]",22,Female,2,Prolific,9,7,5,9,8,010d9a7f0d2e0622.jpg,OpenImages,"[[616, 436, 81, 71]]",UK
Manual Label,"[0, 1, 0, 0, 0, 0]",4,"[0, 1, 1, 1, 0, 0, 0]","[0, 0, 0, 1, 1, 1, 0]",22,Female,2,Prolific,9,7,5,9,8,010d9a7f0d2e0622.jpg,OpenImages,"[[118, 1, 271, 143]]",UK
Manual Label,"[0, 1, 0, 1, 0, 0]",1,"[0, 1, 1, 1, 1, 0, 0]","[0, 1, 1, 1, 1, 0, 0]",32,Male,1,CrowdWorks,3,7,7,4,8,09453a7c716a9ef3.jpg,OpenImages,"[[276, 93, 125, 126]]",Japan
Manual Label,"[1, 1, 1, 1, 0, 0]",6,"[0, 1, 1, 0, 0, 0, 0]","[0, 1, 0, 0, 0, 0, 0]",33,Female,3,CrowdWorks,8,3,4,8,8,120778.jpg,LVIS,"[[10, 12, 99, 108]]",Japan
Manual Label,"[1, 0, 0, 1, 0, 0]",5,"[0, 1, 1, 0, 0, 0, 0]","[0, 1, 0, 0, 0, 0, 0]",31,Male,1,Prolific,3,7,6,4,5,120778.jpg,LVIS,"[[9, 10, 109, 107]]",UK
Manual Label,"[1, 0, 0, 1, 0, 0]",5,"[0, 1, 1, 0, 0, 0, 0]","[0, 1, 1, 0, 0, 0, 0]",39,Female,1,Prolific,5,7,9,7,9,146358.jpg,LVIS,"[[232, 95, 130, 116]]",UK
Manual Label,"[1, 0, 0, 0, 0, 0]",2,"[0, 1, 0, 0, 0, 0, 0]","[1, 0, 0, 0, 0, 0, 0]",46,Female,1,CrowdWorks,6,6,6,9,9,102205.jpg,LVIS,"[[60, 254, 59, 88]]",Japan
Manual Label,"[0, 1, 0, 1, 0, 0]",3,"[0, 1, 0, 0, 0, 0, 0]","[1, 0, 0, 0, 0, 0, 0]",46,Female,1,CrowdWorks,6,6,6,9,9,102205.jpg,LVIS,"[[131, 154, 505, 270]]",Japan
Manual Label,"[1, 0, 0, 0, 1, 0]",6,"[1, 0, 0, 0, 0, 0, 0]","[1, 0, 0, 0, 0, 0, 0]",31,Male,0,Prolific,6,10,9,2,9,6f03523065fa0ea5.jpg,OpenImages,"[[546, 289, 249, 207]]",UK
Manual Label,"[0, 0, 0, 0, 0, 1]",4,"[0, 0, 1, 0, 0, 0, 0]","[0, 1, 0, 0, 0, 0, 0]",25,Female,1,CrowdWorks,3,4,8,8,10,101115.jpg,LVIS,"[[578, 364, 56, 51]]",Japan
Manual Label,"[1, 0, 0, 0, 0, 0]",5,"[1, 0, 0, 0, 0, 0, 0]","[1, 0, 0, 0, 0, 0, 0]",54,Female,1,CrowdWorks,5,8,9,3,10,122166.jpg,LVIS,"[[87, 234, 28, 30]]",Japan
Manual Label,"[1, 0, 0, 0, 0, 0]",6,"[1, 0, 0, 0, 0, 0, 0]","[1, 0, 0, 0, 0, 0, 0]",47,Male,1,Prolific,5,8,10,4,8,04efbfa009755571.jpg,OpenImages,"[[459, 536, 247, 80]]",UK
Manual Label,"[1, 0, 0, 1, 1, 0]",4,"[1, 0, 0, 0, 0, 0, 0]","[1, 0, 0, 0, 0, 0, 0]",33,Male,3,CrowdWorks,3,2,4,7,10,105804.jpg,LVIS,"[[4, 349, 149, 107]]",Japan
Manual Label,"[0, 0, 0, 0, 1, 0]",4,"[1, 0, 0, 0, 0, 0, 0]","[1, 0, 0, 0, 0, 0, 0]",51,Male,1,Prolific,2,7,8,9,5,105804.jpg,LVIS,"[[16, 361, 146, 92]]",UK
Manual Label,"[0, 0, 0, 0, 0, 1]",5,"[0, 1, 1, 1, 0, 0, 0]","[1, 0, 0, 0, 0, 0, 0]",38,Female,2,Prolific,5,6,5,8,7,134206.jpg,LVIS,"[[42, 236, 63, 57]]",UK
Manual Label,"[0, 0, 0, 0, 0, 1]",5,"[0, 1, 1, 1, 0, 0, 0]","[1, 0, 0, 0, 0, 0, 0]",38,Female,2,Prolific,5,6,5,8,7,134206.jpg,LVIS,"[[135, 212, 41, 37]]",UK
Manual Label,"[0, 0, 0, 0, 0, 1]",5,"[0, 1, 1, 1, 0, 0, 0]","[1, 0, 0, 0, 0, 0, 0]",38,Female,2,Prolific,5,6,5,8,7,134206.jpg,LVIS,"[[246, 229, 47, 33]]",UK
Manual Label,"[0, 0, 0, 0, 0, 1]",5,"[0, 1, 1, 1, 0, 0, 0]","[1, 0, 0, 0, 0, 0, 0]",38,Female,2,Prolific,5,6,5,8,7,134206.jpg,LVIS,"[[306, 219, 39, 39]]",UK
Manual Label,"[0, 0, 0, 0, 0, 1]",5,"[0, 1, 1, 1, 0, 0, 0]","[1, 0, 0, 0, 0, 0, 0]",38,Female,2,Prolific,5,6,5,8,7,134206.jpg,LVIS,"[[118, 234, 36, 39]]",UK
Manual Label,"[0, 0, 0, 0, 0, 1]",5,"[0, 1, 1, 1, 0, 0, 0]","[1, 0, 0, 0, 0, 0, 0]",38,Female,2,Prolific,5,6,5,8,7,134206.jpg,LVIS,"[[400, 221, 34, 21]]",UK
Manual Label,"[0, 0, 0, 0, 0, 1]",5,"[0, 1, 1, 1, 0, 0, 0]","[1, 0, 0, 0, 0, 0, 0]",38,Female,2,Prolific,5,6,5,8,7,134206.jpg,LVIS,"[[434, 207, 34, 31]]",UK
Manual Label,"[0, 0, 0, 0, 0, 1]",5,"[0, 1, 1, 1, 0, 0, 0]","[1, 0, 0, 0, 0, 0, 0]",38,Female,2,Prolific,5,6,5,8,7,134206.jpg,LVIS,"[[500, 214, 40, 35]]",UK
Manual Label,"[0, 0, 0, 0, 0, 1]",5,"[0, 1, 1, 1, 0, 0, 0]","[1, 0, 0, 0, 0, 0, 0]",38,Female,2,Prolific,5,6,5,8,7,134206.jpg,LVIS,"[[552, 229, 46, 46]]",UK
Manual Label,"[1, 0, 0, 0, 0, 0]",3,"[0, 0, 0, 0, 1, 0, 0]","[0, 0, 0, 0, 1, 0, 0]",59,Male,1,CrowdWorks,4,4,6,9,6,4b523b5b89444fcf.jpg,OpenImages,"[[562, 136, 280, 197]]",Japan
Manual Label,"[1, 1, 0, 0, 0, 0]",2,"[0, 0, 0, 1, 0, 0, 0]","[0, 0, 0, 1, 0, 0, 0]",31,Male,1,Prolific,4,4,5,8,10,160201.jpg,LVIS,"[[231, 75, 120, 87]]",UK
Manual Label,"[0, 1, 0, 0, 0, 0]",2,"[0, 1, 0, 0, 0, 0, 0]","[0, 1, 1, 0, 0, 0, 0]",30,Female,2,CrowdWorks,9,5,7,7,9,0b3445eeb72b3803.jpg,OpenImages,"[[797, 146, 124, 102]]",Japan
Manual Label,"[1, 0, 0, 0, 0, 0]",2,"[0, 0, 1, 0, 0, 0, 0]","[0, 0, 1, 0, 0, 0, 0]",20,Male,1,Prolific,4,6,10,6,6,117156.jpg,LVIS,"[[153, 209, 67, 51]]",UK
Manual Label,"[1, 0, 0, 0, 0, 0]",6,"[0, 0, 1, 1, 1, 0, 0]","[0, 0, 1, 1, 1, 0, 0]",37,Male,1,Prolific,6,6,5,6,6,284651.jpg,LVIS,"[[204, 284, 72, 237]]",UK
Manual Label,"[1, 0, 0, 0, 0, 0]",4,"[0, 1, 1, 0, 0, 0, 0]","[0, 1, 0, 0, 0, 0, 0]",31,Male,1,Prolific,3,5,8,7,6,151820.jpg,LVIS,"[[161, 198, 43, 31]]",UK
Manual Label,"[1, 0, 0, 0, 0, 0]",5,"[0, 1, 0, 0, 0, 0, 0]","[0, 1, 0, 0, 0, 0, 0]",54,Female,1,CrowdWorks,5,8,9,3,10,182637.jpg,LVIS,"[[102, 227, 190, 198]]",Japan
Manual Label,"[0, 1, 0, 1, 0, 0]",0,"[0, 1, 1, 1, 0, 0, 0]","[0, 1, 1, 0, 0, 0, 0]",32,Male,1,CrowdWorks,3,7,7,4,8,193042.jpg,LVIS,"[[6, 62, 273, 173]]",Japan
Manual Label,"[1, 0, 0, 0, 0, 0]",5,"[0, 1, 0, 0, 0, 0, 0]","[0, 1, 0, 0, 0, 0, 0]",30,Female,4,CrowdWorks,4,6,8,8,9,31620.jpg,LVIS,"[[297, 50, 14, 164]]",Japan
Manual Label,"[0, 0, 0, 0, 0, 1]",3,"[1, 0, 0, 0, 0, 0, 0]","[1, 0, 0, 0, 0, 0, 0]",37,Male,3,Prolific,6,4,7,6,6,221000.jpg,LVIS,"[[54, 177, 52, 73]]",UK
Manual Label,"[1, 0, 0, 0, 0, 0]",4,"[0, 1, 0, 0, 0, 0, 0]","[0, 1, 0, 0, 0, 0, 0]",26,Male,1,CrowdWorks,3,4,6,6,6,109277.jpg,LVIS,"[[254, 139, 72, 186]]",Japan
Manual Label,"[1, 0, 0, 0, 0, 0]",3,"[0, 1, 0, 0, 0, 0, 0]","[0, 1, 0, 0, 0, 0, 0]",26,Male,1,CrowdWorks,3,4,6,6,6,109277.jpg,LVIS,"[[590, 137, 50, 202]]",Japan
Manual Label,"[1, 0, 1, 1, 1, 0]",6,"[0, 1, 0, 0, 0, 0, 0]","[1, 0, 0, 0, 0, 0, 0]",43,Male,1,Prolific,6,10,7,9,9,109277.jpg,LVIS,"[[252, 142, 78, 184]]",UK
Manual Label,"[1, 0, 1, 1, 1, 0]",6,"[0, 1, 0, 0, 0, 0, 0]","[1, 0, 0, 0, 0, 0, 0]",43,Male,1,Prolific,6,10,7,9,9,109277.jpg,LVIS,"[[566, 145, 87, 199]]",UK
Manual Label,"[0, 1, 0, 0, 0, 0]",5,"[0, 1, 1, 1, 0, 0, 0]","[1, 0, 0, 0, 0, 0, 0]",22,Female,2,Prolific,9,7,5,9,8,18006.jpg,LVIS,"[[339, 138, 136, 34]]",UK
Manual Label,"[1, 0, 1, 1, 0, 0]",6,"[1, 0, 0, 0, 0, 0, 0]","[1, 0, 0, 0, 0, 0, 0]",45,Male,1,CrowdWorks,4,4,5,10,8,119492.jpg,LVIS,"[[301, 78, 301, 408]]",Japan
Manual Label,"[1, 0, 0, 0, 1, 0]",6,"[1, 0, 0, 0, 0, 0, 0]","[1, 0, 0, 0, 0, 0, 0]",45,Male,1,CrowdWorks,4,4,5,10,8,119492.jpg,LVIS,"[[84, 51, 240, 425]]",Japan
Manual Label,"[1, 1, 0, 1, 0, 0]",6,"[0, 1, 0, 0, 0, 0, 0]","[0, 1, 0, 0, 0, 0, 0]",38,Female,2,CrowdWorks,9,5,8,4,6,201151.jpg,LVIS,"[[2, 95, 297, 396]]",Japan
Manual Label,"[0, 1, 0, 1, 0, 0]",1,"[0, 1, 1, 1, 0, 0, 0]","[0, 1, 1, 1, 0, 0, 0]",50,Male,0,CrowdWorks,8,3,6,7,7,273121f76dc580cb.jpg,OpenImages,"[[13, 8, 822, 655]]",Japan
Manual Label,"[0, 0, 1, 0, 0, 0]",3,"[0, 1, 1, 1, 1, 0, 0]","[0, 1, 1, 1, 1, 1, 0]",35,Female,1,Prolific,5,4,8,9,8,3cf84110ea52ff43.jpg,OpenImages,"[[318, 102, 356, 444]]",UK
Manual Label,"[0, 0, 0, 1, 0, 0]",2,"[0, 1, 0, 0, 0, 0, 0]","[0, 1, 0, 0, 0, 0, 0]",45,Male,1,CrowdWorks,4,4,5,10,8,6e2ea48a2474adf1.jpg,OpenImages,"[[155, 114, 648, 392]]",Japan
Manual Label,"[1, 0, 0, 1, 0, 0]",5,"[1, 0, 0, 0, 0, 0, 0]","[1, 0, 0, 0, 0, 0, 0]",41,Female,1,CrowdWorks,5,6,10,4,6,178469.jpg,LVIS,"[[98, 71, 431, 360]]",Japan
Manual Label,"[1, 0, 0, 0, 0, 0]",0,"[0, 1, 0, 0, 0, 0, 0]","[1, 0, 0, 0, 0, 0, 0]",46,Female,1,CrowdWorks,4,7,8,6,8,101088.jpg,LVIS,"[[246, 237, 25, 14]]",Japan
Manual Label,"[1, 1, 0, 0, 0, 0]",4,"[0, 1, 1, 1, 1, 1, 0]","[0, 1, 1, 1, 1, 0, 0]",22,Male,0,Prolific,4,6,7,8,10,117321.jpg,LVIS,"[[362, 93, 111, 83]]",UK
Manual Label,"[1, 0, 0, 0, 0, 0]",6,"[0, 1, 0, 0, 0, 0, 0]","[1, 0, 0, 0, 0, 0, 0]",38,Male,2,Prolific,4,6,6,10,10,119647.jpg,LVIS,"[[532, 199, 99, 196]]",UK
Manual Label,"[1, 1, 0, 0, 0, 0]",5,"[1, 0, 0, 0, 0, 0, 0]","[1, 0, 0, 0, 0, 0, 0]",41,Female,1,CrowdWorks,5,5,6,8,7,081f5a6bc61b9c48.jpg,OpenImages,"[[233, 145, 707, 479]]",Japan
Manual Label,"[0, 1, 0, 0, 0, 0]",3,"[0, 0, 0, 0, 1, 0, 0]","[0, 0, 0, 0, 1, 0, 0]",38,Male,1,CrowdWorks,6,5,6,9,6,10566.jpg,LVIS,"[[11, 12, 623, 399]]",Japan
Manual Label,"[1, 1, 0, 0, 0, 1]",4,"[0, 1, 1, 0, 0, 0, 0]","[0, 1, 1, 0, 0, 0, 0]",27,Male,2,Prolific,5,7,9,6,8,0727983dd5f9e4e6.jpg,OpenImages,"[[462, 573, 266, 136]]",UK
Manual Label,"[0, 1, 0, 0, 0, 0]",4,"[0, 1, 1, 0, 0, 0, 0]","[0, 1, 0, 0, 0, 0, 0]",27,Male,2,Prolific,5,7,9,6,8,0727983dd5f9e4e6.jpg,OpenImages,"[[252, 93, 135, 91]]",UK
Manual Label,"[1, 0, 0, 0, 1, 0]",6,"[1, 0, 0, 0, 0, 0, 0]","[1, 0, 0, 0, 0, 0, 0]",43,Female,1,Prolific,7,5,10,6,7,20af1d21449acdce.jpg,OpenImages,"[[228, 292, 248, 336]]",UK
Manual Label,"[1, 0, 0, 1, 0, 0]",5,"[1, 0, 0, 0, 0, 0, 0]","[1, 0, 0, 0, 0, 0, 0]",46,Female,1,CrowdWorks,6,6,6,9,9,10192.jpg,LVIS,"[[228, 109, 274, 335]]",Japan
Manual Label,"[1, 0, 0, 0, 0, 1]",6,"[0, 1, 1, 1, 0, 0, 0]","[0, 1, 1, 0, 0, 0, 0]",34,Male,0,Prolific,2,8,6,7,8,10192.jpg,LVIS,"[[274, 108, 139, 143]]",UK
Manual Label,"[0, 1, 0, 0, 0, 0]",3,"[0, 1, 1, 1, 0, 0, 0]","[0, 1, 1, 0, 0, 0, 0]",37,Male,3,Prolific,4,8,6,8,9,057569768fd6303e.jpg,OpenImages,"[[134, 71, 192, 62]]",UK
Manual Label,"[1, 0, 0, 0, 0, 0]",1,"[0, 1, 1, 0, 0, 0, 0]","[1, 0, 0, 0, 0, 0, 0]",27,Female,1,CrowdWorks,4,6,4,9,10,337490.jpg,LVIS,"[[276, 4, 220, 367]]",Japan
Manual Label,"[1, 0, 0, 0, 0, 0]",4,"[1, 0, 0, 0, 0, 0, 0]","[1, 0, 0, 0, 0, 0, 0]",30,Male,2,CrowdWorks,7,3,8,7,10,200764.jpg,LVIS,"[[18, 32, 498, 145]]",Japan
Manual Label,"[0, 1, 0, 0, 0, 0]",0,"[0, 1, 1, 0, 0, 0, 0]","[1, 0, 0, 0, 0, 0, 0]",42,Male,2,Prolific,6,7,7,4,7,3a71be7ae113e593.jpg,OpenImages,"[[468, 151, 104, 107]]",UK
Manual Label,"[0, 1, 0, 0, 0, 0]",1,"[0, 1, 1, 0, 0, 0, 0]","[1, 0, 0, 0, 0, 0, 0]",42,Male,2,Prolific,6,7,7,4,7,3a71be7ae113e593.jpg,OpenImages,"[[641, 161, 55, 39]]",UK
Manual Label,"[1, 1, 0, 1, 1, 0]",5,"[0, 1, 0, 0, 0, 0, 0]","[1, 0, 0, 0, 0, 0, 0]",49,Female,2,CrowdWorks,4,8,7,6,4,22487.jpg,LVIS,"[[2, 219, 365, 62]]",Japan
Manual Label,"[1, 0, 0, 0, 1, 0]",5,"[0, 1, 0, 0, 0, 0, 0]","[1, 0, 0, 0, 0, 0, 0]",49,Female,2,CrowdWorks,4,8,7,6,4,22487.jpg,LVIS,"[[447, 219, 192, 49]]",Japan
Manual Label,"[1, 0, 1, 1, 0, 0]",3,"[0, 1, 0, 0, 0, 0, 0]","[1, 0, 0, 0, 0, 0, 0]",43,Male,2,Prolific,6,5,7,6,6,2ed000d799794d71.jpg,OpenImages,"[[876, 200, 90, 112]]",UK
Manual Label,"[1, 0, 0, 0, 0, 0]",5,"[1, 0, 0, 0, 0, 0, 0]","[1, 0, 0, 0, 0, 0, 0]",38,Female,1,CrowdWorks,8,6,8,4,7,110982.jpg,LVIS,"[[163, 87, 257, 273]]",Japan
Manual Label,"[0, 1, 0, 0, 0, 0]",3,"[0, 0, 0, 0, 1, 0, 0]","[0, 0, 0, 0, 1, 0, 0]",38,Male,1,CrowdWorks,6,5,6,9,6,106003.jpg,LVIS,"[[22, 13, 604, 387]]",Japan
Manual Label,"[1, 0, 1, 0, 0, 0]",3,"[1, 0, 0, 0, 0, 0, 0]","[1, 0, 0, 0, 0, 0, 0]",55,Female,0,CrowdWorks,2,5,5,9,7,397303.jpg,LVIS,"[[205, 64, 355, 301]]",Japan
Manual Label,"[1, 0, 0, 0, 0, 0]",6,"[0, 1, 1, 0, 0, 0, 0]","[0, 1, 0, 0, 0, 0, 0]",33,Female,3,CrowdWorks,8,3,4,8,8,12614.jpg,LVIS,"[[333, 52, 119, 142]]",Japan
Manual Label,"[1, 0, 0, 0, 0, 0]",6,"[0, 1, 0, 0, 0, 0, 0]","[0, 1, 1, 1, 0, 0, 0]",34,Male,3,Prolific,9,6,6,8,9,12614.jpg,LVIS,"[[331, 56, 122, 136]]",UK
Manual Label,"[1, 0, 0, 0, 0, 0]",6,"[0, 0, 1, 0, 0, 0, 0]","[0, 0, 1, 0, 0, 0, 0]",35,Female,1,CrowdWorks,6,6,6,7,6,122046.jpg,LVIS,"[[56, 155, 168, 182]]",Japan
Manual Label,"[0, 0, 0, 0, 0, 1]",5,"[1, 0, 0, 0, 0, 0, 0]","[1, 0, 0, 0, 0, 0, 0]",57,Female,0,Prolific,4,6,6,6,6,122046.jpg,LVIS,"[[62, 176, 96, 101]]",UK
Manual Label,"[1, 0, 0, 0, 0, 0]",4,"[0, 1, 0, 0, 0, 0, 0]","[0, 1, 0, 0, 0, 0, 0]",55,Female,0,CrowdWorks,2,5,5,9,7,119709.jpg,LVIS,"[[34, 9, 302, 254]]",Japan
Manual Label,"[0, 1, 0, 1, 0, 0]",5,"[1, 0, 0, 0, 0, 0, 0]","[1, 0, 0, 0, 0, 0, 0]",52,Male,1,CrowdWorks,5,7,5,9,6,106123.jpg,LVIS,"[[1, 0, 636, 419]]",Japan
Manual Label,"[1, 0, 0, 0, 0, 0]",6,"[0, 1, 1, 0, 0, 0, 0]","[0, 1, 1, 0, 0, 0, 0]",37,Male,1,Prolific,6,6,5,6,6,17ef06ab2c9e5e0c.jpg,OpenImages,"[[326, 118, 325, 415]]",UK
Manual Label,"[0, 1, 1, 0, 0, 0]",4,"[0, 0, 1, 1, 0, 0, 0]","[1, 0, 0, 0, 0, 0, 0]",35,Male,1,Prolific,4,8,7,4,6,102331.jpg,LVIS,"[[4, 5, 488, 347]]",UK
Manual Label,"[1, 0, 1, 0, 0, 0]",4,"[1, 0, 0, 0, 0, 0, 0]","[1, 0, 0, 0, 0, 0, 0]",28,Male,0,Prolific,8,3,6,5,10,276479.jpg,LVIS,"[[150, 114, 262, 246]]",UK
Manual Label,"[1, 1, 1, 1, 1, 0]",6,"[1, 0, 0, 0, 0, 0, 0]","[1, 0, 0, 0, 0, 0, 0]",38,Male,1,CrowdWorks,6,5,6,9,6,0555a1f17c73207c.jpg,OpenImages,"[[684, 67, 253, 224]]",Japan
Manual Label,"[1, 1, 1, 0, 0, 0]",6,"[0, 1, 0, 0, 0, 0, 0]","[0, 1, 0, 0, 0, 0, 0]",38,Male,1,CrowdWorks,6,5,6,9,6,0555a1f17c73207c.jpg,OpenImages,"[[471, 237, 265, 289]]",Japan
Manual Label,"[1, 1, 0, 1, 1, 0]",4,"[0, 1, 0, 0, 0, 0, 0]","[1, 0, 0, 0, 0, 0, 0]",46,Female,1,CrowdWorks,6,6,6,9,9,49902.jpg,LVIS,"[[5, 6, 366, 460]]",Japan
Manual Label,"[1, 1, 1, 0, 1, 0]",5,"[0, 1, 1, 0, 0, 0, 0]","[1, 0, 0, 0, 0, 0, 0]",34,Male,0,Prolific,2,8,6,7,8,49902.jpg,LVIS,"[[27, 16, 335, 239]]",UK
Manual Label,"[0, 0, 0, 1, 0, 0]",4,"[0, 1, 1, 1, 1, 0, 0]","[0, 1, 1, 1, 0, 0, 0]",42,Male,3,Prolific,4,8,5,4,10,127394.jpg,LVIS,"[[1, 54, 334, 263]]",UK
Manual Label,"[1, 0, 0, 0, 1, 0]",5,"[0, 1, 1, 1, 0, 0, 0]","[0, 1, 1, 1, 0, 0, 0]",19,Male,1,Prolific,6,6,9,8,8,1b8d52cb603f71ad.jpg,OpenImages,"[[497, 368, 115, 81]]",UK
Manual Label,"[0, 0, 0, 0, 0, 1]",5,"[0, 1, 0, 0, 0, 0, 0]","[1, 0, 0, 0, 0, 0, 0]",50,Male,0,Prolific,4,4,8,6,9,153231.jpg,LVIS,"[[270, 224, 86, 85]]",UK
Manual Label,"[0, 1, 0, 0, 0, 0]",2,"[0, 1, 0, 0, 0, 0, 0]","[1, 0, 0, 0, 0, 0, 0]",32,Male,2,CrowdWorks,3,8,5,3,2,326966.jpg,LVIS,"[[413, 11, 225, 286]]",Japan
Manual Label,"[1, 1, 0, 1, 1, 1]",6,"[0, 1, 1, 0, 0, 0, 0]","[0, 1, 1, 0, 0, 0, 0]",34,Male,0,Prolific,2,8,6,7,8,314246.jpg,LVIS,"[[35, 40, 433, 279]]",UK
Manual Label,"[0, 1, 0, 0, 0, 0]",5,"[1, 0, 0, 0, 0, 0, 0]","[1, 0, 0, 0, 0, 0, 0]",47,Other,1,Prolific,9,8,10,4,10,0222c555d2c21a2f.jpg,OpenImages,"[[261, 58, 157, 173]]",UK
Manual Label,"[1, 0, 0, 0, 0, 0]",5,"[0, 1, 0, 0, 0, 0, 0]","[0, 1, 0, 0, 0, 0, 0]",48,Female,1,CrowdWorks,6,7,7,7,8,207215.jpg,LVIS,"[[172, 130, 114, 137]]",Japan
Manual Label,"[1, 0, 0, 0, 0, 0]",5,"[0, 1, 0, 0, 0, 0, 0]","[0, 1, 0, 0, 0, 0, 0]",48,Female,1,CrowdWorks,6,7,7,7,8,207215.jpg,LVIS,"[[454, 46, 118, 115]]",Japan
Manual Label,"[1, 0, 0, 0, 0, 0]",6,"[1, 0, 0, 0, 0, 0, 0]","[1, 0, 0, 0, 0, 0, 0]",09,Female,2,Prolific,5,7,10,7,7,151483.jpg,LVIS,"[[362, 28, 96, 382]]",UK
Manual Label,"[1, 0, 1, 0, 0, 0]",6,"[1, 0, 0, 0, 0, 0, 0]","[1, 0, 0, 0, 0, 0, 0]",33,Male,3,CrowdWorks,3,2,4,7,10,277122.jpg,LVIS,"[[189, 81, 48, 62]]",Japan
Manual Label,"[0, 1, 0, 0, 0, 0]",5,"[1, 0, 0, 0, 0, 0, 0]","[1, 0, 0, 0, 0, 0, 0]",23,Female,1,Prolific,5,8,7,7,8,109591.jpg,LVIS,"[[106, 13, 89, 149]]",UK
Manual Label,"[1, 0, 0, 0, 0, 0]",3,"[1, 0, 0, 0, 0, 0, 0]","[1, 0, 0, 0, 0, 0, 0]",31,Male,0,CrowdWorks,6,4,5,6,7,0e2868759e7a615c.jpg,OpenImages,"[[404, 476, 155, 67]]",Japan
Manual Label,"[1, 0, 1, 0, 0, 0]",4,"[1, 0, 0, 0, 0, 0, 0]","[1, 0, 0, 0, 0, 0, 0]",75,Female,0,Prolific,8,6,7,5,7,114286.jpg,LVIS,"[[199, 43, 28, 32]]",UK
Manual Label,"[1, 1, 0, 0, 0, 0]",5,"[0, 1, 0, 0, 0, 0, 0]","[1, 0, 0, 0, 0, 0, 0]",29,Female,1,CrowdWorks,3,6,6,6,8,138979.jpg,LVIS,"[[39, 195, 91, 186]]",Japan
Manual Label,"[1, 1, 0, 0, 0, 0]",6,"[0, 1, 0, 0, 0, 0, 0]","[1, 0, 0, 0, 0, 0, 0]",29,Female,1,CrowdWorks,3,6,6,6,8,138979.jpg,LVIS,"[[392, 308, 71, 63]]",Japan
Manual Label,"[1, 0, 0, 0, 1, 0]",6,"[0, 1, 0, 0, 0, 0, 0]","[0, 1, 0, 0, 0, 0, 0]",34,Male,3,Prolific,9,6,6,8,9,138979.jpg,LVIS,"[[331, 182, 300, 238]]",UK
Manual Label,"[1, 0, 0, 0, 0, 0]",1,"[0, 1, 1, 1, 0, 0, 0]","[0, 1, 1, 1, 0, 0, 0]",33,Other,4,Prolific,3,7,5,10,10,197807.jpg,LVIS,"[[59, 79, 42, 18]]",UK
Manual Label,"[1, 0, 0, 0, 0, 0]",0,"[0, 1, 0, 0, 0, 0, 0]","[0, 1, 0, 0, 0, 0, 0]",59,Male,1,CrowdWorks,4,4,6,9,6,0e360a4689ac06e8.jpg,OpenImages,"[[784, 10, 59, 118]]",Japan
Manual Label,"[0, 0, 0, 0, 0, 1]",4,"[1, 0, 0, 0, 0, 0, 0]","[1, 0, 0, 0, 0, 0, 0]",26,Male,2,Prolific,5,9,6,7,7,18982.jpg,LVIS,"[[223, 116, 164, 177]]",UK
Manual Label,"[1, 0, 0, 0, 0, 0]",6,"[1, 0, 0, 0, 0, 0, 0]","[1, 0, 0, 0, 0, 0, 0]",41,Female,2,CrowdWorks,4,5,5,7,10,146315.jpg,LVIS,"[[49, 15, 144, 171]]",Japan
Manual Label,"[1, 0, 0, 0, 0, 0]",6,"[1, 0, 0, 0, 0, 0, 0]","[1, 0, 0, 0, 0, 0, 0]",41,Female,2,CrowdWorks,4,5,5,7,10,146315.jpg,LVIS,"[[285, 83, 91, 96]]",Japan
Manual Label,"[1, 0, 0, 0, 0, 0]",6,"[1, 0, 0, 0, 0, 0, 0]","[1, 0, 0, 0, 0, 0, 0]",41,Female,2,CrowdWorks,4,5,5,7,10,146315.jpg,LVIS,"[[408, 34, 136, 142]]",Japan
Manual Label,"[0, 0, 0, 0, 1, 0]",5,"[0, 1, 0, 0, 0, 0, 0]","[1, 0, 0, 0, 0, 0, 0]",41,Female,2,CrowdWorks,4,5,5,7,10,146315.jpg,LVIS,"[[430, 110, 210, 287]]",Japan
Manual Label,"[1, 0, 0, 0, 0, 0]",6,"[0, 1, 0, 0, 0, 0, 0]","[1, 0, 0, 0, 0, 0, 0]",41,Female,2,CrowdWorks,4,5,5,7,10,124364.jpg,LVIS,"[[123, 149, 69, 77]]",Japan
Manual Label,"[1, 0, 0, 0, 0, 0]",6,"[0, 1, 0, 0, 0, 0, 0]","[1, 0, 0, 0, 0, 0, 0]",41,Female,2,CrowdWorks,4,5,5,7,10,124364.jpg,LVIS,"[[9, 186, 81, 87]]",Japan
Manual Label,"[1, 0, 0, 0, 1, 0]",6,"[0, 1, 0, 0, 0, 0, 0]","[1, 0, 0, 0, 0, 0, 0]",32,Female,0,Prolific,6,6,8,9,9,206102.jpg,LVIS,"[[221, 117, 94, 169]]",UK
Manual Label,"[1, 0, 0, 0, 1, 0]",6,"[0, 1, 0, 0, 0, 0, 0]","[1, 0, 0, 0, 0, 0, 0]",32,Female,0,Prolific,6,6,8,9,9,206102.jpg,LVIS,"[[335, 115, 158, 218]]",UK
Manual Label,"[0, 0, 0, 1, 0, 0]",4,"[0, 1, 1, 0, 0, 0, 0]","[0, 1, 1, 0, 0, 0, 0]",24,Female,1,CrowdWorks,4,6,5,8,7,125928.jpg,LVIS,"[[219, 129, 208, 163]]",Japan
Manual Label,"[1, 1, 1, 0, 0, 0]",4,"[1, 0, 0, 0, 0, 0, 0]","[1, 0, 0, 0, 0, 0, 0]",26,Male,1,Prolific,6,6,7,6,8,104188.jpg,LVIS,"[[18, 335, 146, 133]]",UK
Manual Label,"[1, 1, 0, 1, 0, 0]",4,"[1, 0, 0, 0, 0, 0, 0]","[1, 0, 0, 0, 0, 0, 0]",26,Male,1,Prolific,6,6,7,6,8,104188.jpg,LVIS,"[[352, 138, 60, 66]]",UK
Manual Label,"[1, 1, 1, 0, 0, 0]",4,"[1, 0, 0, 0, 0, 0, 0]","[1, 0, 0, 0, 0, 0, 0]",26,Male,1,Prolific,6,6,7,6,8,104188.jpg,LVIS,"[[228, 98, 77, 95]]",UK
Manual Label,"[1, 1, 1, 0, 0, 0]",4,"[1, 0, 0, 0, 0, 0, 0]","[1, 0, 0, 0, 0, 0, 0]",26,Male,1,Prolific,6,6,7,6,8,104188.jpg,LVIS,"[[449, 270, 39, 62]]",UK
Manual Label,"[1, 0, 0, 0, 1, 0]",5,"[1, 0, 0, 0, 0, 0, 0]","[1, 0, 0, 0, 0, 0, 0]",27,Male,2,Prolific,5,7,9,6,8,435d906eb2bbc878.jpg,OpenImages,"[[531, 334, 106, 50]]",UK
Manual Label,"[1, 0, 0, 0, 0, 0]",5,"[1, 0, 0, 0, 0, 0, 0]","[1, 0, 0, 0, 0, 0, 0]",44,Male,1,CrowdWorks,2,6,9,5,6,106338.jpg,LVIS,"[[7, 2, 630, 348]]",Japan
Manual Label,"[0, 0, 0, 1, 0, 0]",4,"[0, 1, 0, 0, 0, 0, 0]","[0, 1, 0, 0, 0, 0, 0]",32,Female,1,CrowdWorks,9,10,5,8,9,0b36a67f496e3001.jpg,OpenImages,"[[237, 125, 433, 297]]",Japan
Manual Label,"[1, 0, 0, 1, 0, 0]",6,"[0, 1, 0, 0, 0, 0, 0]","[0, 1, 0, 0, 0, 0, 0]",32,Female,1,CrowdWorks,9,10,5,8,9,0b36a67f496e3001.jpg,OpenImages,"[[648, 609, 148, 96]]",Japan
Manual Label,"[0, 1, 0, 0, 1, 0]",4,"[0, 0, 1, 0, 0, 0, 0]","[0, 0, 1, 0, 0, 0, 0]",32,Female,1,CrowdWorks,9,10,5,8,9,0b36a67f496e3001.jpg,OpenImages,"[[670, 212, 59, 121]]",Japan
Manual Label,"[1, 0, 0, 0, 0, 0]",4,"[0, 1, 0, 0, 0, 0, 0]","[0, 1, 0, 0, 0, 0, 0]",42,Male,1,CrowdWorks,6,8,7,6,8,0f0c237588553730.jpg,OpenImages,"[[262, 195, 177, 110]]",Japan
Manual Label,"[1, 0, 0, 0, 0, 0]",4,"[0, 1, 0, 0, 0, 0, 0]","[0, 1, 0, 0, 0, 0, 0]",39,Female,1,CrowdWorks,3,4,5,9,8,00018457a4aafe75.jpg,OpenImages,"[[329, 62, 276, 290]]",Japan
Manual Label,"[0, 0, 0, 1, 0, 0]",4,"[0, 1, 0, 0, 0, 0, 0]","[0, 1, 0, 0, 0, 0, 0]",39,Female,1,CrowdWorks,3,4,5,9,8,00018457a4aafe75.jpg,OpenImages,"[[137, 352, 222, 249]]",Japan
Manual Label,"[1, 0, 0, 0, 0, 0]",5,"[1, 0, 0, 0, 0, 0, 0]","[1, 0, 0, 0, 0, 0, 0]",38,Male,1,Prolific,3,6,5,6,8,00018457a4aafe75.jpg,OpenImages,"[[147, 359, 197, 248]]",UK
Manual Label,"[0, 0, 1, 0, 0, 1]",5,"[0, 1, 1, 1, 0, 0, 0]","[1, 0, 0, 0, 0, 0, 0]",38,Female,2,Prolific,5,6,5,8,7,121031.jpg,LVIS,"[[121, 113, 325, 160]]",UK
Manual Label,"[0, 1, 1, 0, 0, 0]",4,"[1, 0, 0, 0, 0, 0, 0]","[1, 0, 0, 0, 0, 0, 0]",49,Female,2,Prolific,3,4,5,8,7,0bb8c226cb97b705.jpg,OpenImages,"[[88, 36, 228, 122]]",UK
Manual Label,"[0, 1, 0, 0, 0, 0]",6,"[1, 0, 0, 0, 0, 0, 0]","[1, 0, 0, 0, 0, 0, 0]",54,Female,0,Prolific,4,7,8,6,5,133766.jpg,LVIS,"[[264, 46, 242, 332]]",UK
Manual Label,"[1, 1, 0, 0, 0, 0]",5,"[1, 0, 0, 0, 0, 0, 0]","[1, 0, 0, 0, 0, 0, 0]",38,Female,1,CrowdWorks,8,6,8,4,7,11661.jpg,LVIS,"[[238, 62, 136, 169]]",Japan
Manual Label,"[1, 0, 0, 0, 0, 0]",0,"[0, 1, 0, 0, 0, 0, 0]","[0, 1, 0, 0, 0, 0, 0]",59,Male,1,CrowdWorks,4,4,6,9,6,110435.jpg,LVIS,"[[344, 115, 153, 200]]",Japan
Manual Label,"[1, 0, 0, 0, 1, 0]",5,"[1, 0, 0, 0, 0, 0, 0]","[1, 0, 0, 0, 0, 0, 0]",62,Male,1,Prolific,5,10,10,4,10,0da4cb46204a5c0d.jpg,OpenImages,"[[402, 123, 169, 69]]",UK
Manual Label,"[0, 0, 0, 0, 0, 1]",2,"[1, 0, 0, 0, 0, 0, 0]","[1, 0, 0, 0, 0, 0, 0]",34,Female,1,Prolific,4,4,5,7,4,3a689e83e0e9f6e9.jpg,OpenImages,"[[6, 325, 164, 169]]",UK
Manual Label,"[0, 0, 0, 1, 0, 0]",4,"[0, 0, 0, 0, 1, 0, 0]","[0, 0, 0, 0, 1, 0, 0]",49,Male,1,CrowdWorks,4,6,4,8,4,14883.jpg,LVIS,"[[268, 35, 169, 109]]",Japan
Manual Label,"[0, 0, 1, 0, 0, 0]",4,"[0, 1, 1, 1, 1, 0, 0]","[0, 1, 1, 1, 1, 0, 0]",22,Male,1,Prolific,3,7,7,8,9,10092.jpg,LVIS,"[[504, 63, 69, 111]]",UK
Manual Label,"[1, 0, 0, 0, 0, 0]",5,"[0, 1, 1, 0, 0, 0, 0]","[1, 0, 0, 0, 0, 0, 0]",31,Male,0,Prolific,6,10,9,2,9,176463.jpg,LVIS,"[[114, 5, 363, 190]]",UK
Manual Label,"[1, 0, 0, 0, 0, 0]",4,"[1, 0, 0, 0, 0, 0, 0]","[1, 0, 0, 0, 0, 0, 0]",46,Female,1,CrowdWorks,6,6,6,9,9,003a5aaf6d17c917.jpg,OpenImages,"[[350, 14, 93, 72]]",Japan
Manual Label,"[0, 1, 0, 0, 1, 0]",5,"[1, 0, 0, 0, 0, 0, 0]","[1, 0, 0, 0, 0, 0, 0]",46,Female,1,CrowdWorks,6,6,6,9,9,003a5aaf6d17c917.jpg,OpenImages,"[[689, 8, 154, 61]]",Japan
Manual Label,"[0, 1, 0, 0, 0, 0]",3,"[0, 1, 1, 1, 0, 0, 0]","[1, 0, 0, 0, 0, 0, 0]",34,Male,0,Prolific,2,8,6,7,8,003a5aaf6d17c917.jpg,OpenImages,"[[682, 10, 177, 64]]",UK
